subreddit,id,created_at,title,text,author,upvotes,num_comments,url,permalink,full_text,clean_text,sentiment,influence
ethereum,1khr5ey,2025-05-08 14:14:00,ETH is a store of value and scaling Ethereum will make it undeniable,"As we scale on L1 and L2, there's a couple things to keep in mind about how it affects ETH, tokenomics, and how it's viewed by the world:  1. As L1 gas limits and blobs increase, the deflationary threshold decreases proportionally. For example, right now the L1 gas limit is at 36M and the deflationary threshold it 14.5 gwei. At a 300M gas limit the deflationary threshold becomes 1.74 gwei (14.5gwei\*36M/300M). 2. As it becomes cheaper to use L1 and L2, that scaling creates potential/opportunity for new/different usecases which increases demand. For example, [this game](https://x.com/megaeth_labs/status/1913249693196599615) or [this game](https://x.com/IAmNickDodson/status/1919762394797982135) where every action is onchain is a new possibility that will fill in **low** cost blockspace. Unbanked usecases like subscriptions and payment streams such as access to games, blogs, licensing (music, shows, patents, trademarks), services (food delivery, hosting), rentals (physical goods), etc will consume **medium** cost blockspace. Complex compounded defi strategies and arbitrage will consume **high** cost blockspace. 3. As Ethereum scales and gas prices become lower, the willingness to pay a demand premium increases. For example, if normal gas prices are $0.01 a user will be much more willing to opay a 100% demand premium ($0.02) at times of higher congestion than they would pre-scaling ($5 -> $10). The lower prices get, the more price insensitive people become to congestion pricing. 4. These previous 3 points will lead to a substantial increase in burn rate, increasing scarcity and demand of ETH. Increased acceptance and usage of defi will further increase demand for ETH as a credibly neutral and permissionless collateral. 5. 30% of ETH supply is locked in staking to secure the network and the activity on top of it, further increasing scarcity and demand for ETH. 6. As Ethereum scales and the world comes onchain, this increased demand for ETH will secure it's place as a store of value and carry immense monetary premium.  ETH is digital gold, digital oil, and internet bond all in one and it will be valued appropriately.  [https://x.com/hanni\_abu/status/1920475130754371630](https://x.com/hanni_abu/status/1920475130754371630)",hanniabu,282,69,https://www.reddit.com/r/ethereum/comments/1khr5ey/eth_is_a_store_of_value_and_scaling_ethereum_will/,https://www.reddit.com/r/ethereum/comments/1khr5ey/eth_is_a_store_of_value_and_scaling_ethereum_will/,"ETH is a store of value and scaling Ethereum will make it undeniable As we scale on L1 and L2, there's a couple things to keep in mind about how it affects ETH, tokenomics, and how it's viewed by the world:  1. As L1 gas limits and blobs increase, the deflationary threshold decreases proportionally. For example, right now the L1 gas limit is at 36M and the deflationary threshold it 14.5 gwei. At a 300M gas limit the deflationary threshold becomes 1.74 gwei (14.5gwei\*36M/300M). 2. As it becomes cheaper to use L1 and L2, that scaling creates potential/opportunity for new/different usecases which increases demand. For example, [this game](https://x.com/megaeth_labs/status/1913249693196599615) or [this game](https://x.com/IAmNickDodson/status/1919762394797982135) where every action is onchain is a new possibility that will fill in **low** cost blockspace. Unbanked usecases like subscriptions and payment streams such as access to games, blogs, licensing (music, shows, patents, trademarks), services (food delivery, hosting), rentals (physical goods), etc will consume **medium** cost blockspace. Complex compounded defi strategies and arbitrage will consume **high** cost blockspace. 3. As Ethereum scales and gas prices become lower, the willingness to pay a demand premium increases. For example, if normal gas prices are $0.01 a user will be much more willing to opay a 100% demand premium ($0.02) at times of higher congestion than they would pre-scaling ($5 -> $10). The lower prices get, the more price insensitive people become to congestion pricing. 4. These previous 3 points will lead to a substantial increase in burn rate, increasing scarcity and demand of ETH. Increased acceptance and usage of defi will further increase demand for ETH as a credibly neutral and permissionless collateral. 5. 30% of ETH supply is locked in staking to secure the network and the activity on top of it, further increasing scarcity and demand for ETH. 6. As Ethereum scales and the world comes onchain, this increased demand for ETH will secure it's place as a store of value and carry immense monetary premium.  ETH is digital gold, digital oil, and internet bond all in one and it will be valued appropriately.  [https://x.com/hanni\_abu/status/1920475130754371630](https://x.com/hanni_abu/status/1920475130754371630)",store value scaling undeniable scale l1 l2 couple thing keep mind affect tokenomics viewed world l1 gas limit blob increase deflationary threshold decrease proportionally example l1 gas limit 36m deflationary threshold 14 gwei 300m gas limit deflationary threshold becomes 74 gwei 14 5gwei 36m 300m becomes cheaper l1 l2 scaling creates potential opportunity different usecases increase demand example game game action onchain possibility fill low cost blockspace unbanked usecases subscription payment stream access game blog licensing music show patent trademark service food delivery hosting rental physical good etc consume medium cost blockspace complex compounded defi strategy arbitrage consume high cost blockspace scale gas price become lower willingness pay demand premium increase example normal gas price 01 user willing opay 100 demand premium 02 time higher congestion pre scaling 10 lower price insensitive become congestion pricing previous point lead substantial increase burn rate increasing scarcity demand increased acceptance usage defi increase demand credibly neutral permissionless collateral 30 supply locked staking secure activity top increasing scarcity demand scale world come onchain increased demand secure place store value carry immense monetary premium digital gold digital oil internet bond valued appropriately,0.9761,5.723490390501302
ethereum,1kgu8x4,2025-05-07 10:45:21,Pectra is now live on Ethereum Mainnet!,"The highly anticipated upgrade has landed and it brings major improvements to staking, blob handling for L2s, and user experience.  No delays. Just a smooth rollout.  With **Pectra**, **Ethereum** takes another big step toward greater scalability and accessibility and we’re honored to support this milestone as an **active node operator**.",irina_everstake,355,55,https://www.reddit.com/r/ethereum/comments/1kgu8x4/pectra_is_now_live_on_ethereum_mainnet/,https://www.reddit.com/r/ethereum/comments/1kgu8x4/pectra_is_now_live_on_ethereum_mainnet/,"Pectra is now live on Ethereum Mainnet! The highly anticipated upgrade has landed and it brings major improvements to staking, blob handling for L2s, and user experience.  No delays. Just a smooth rollout.  With **Pectra**, **Ethereum** takes another big step toward greater scalability and accessibility and we’re honored to support this milestone as an **active node operator**.",pectra live mainnet highly anticipated upgrade landed brings major improvement staking blob handling l2s user experience delay smooth rollout pectra take another big step toward greater scalability accessibility honored support milestone active node operator,0.9134,5.49738304212086
ethereum,1kofixa,2025-05-16 23:55:07,ETH vs. BTC: Ethereum’s Superior Monetary Policy,Fantastic overview when it comes to security of a blockchain.,jtnichol,130,92,https://youtu.be/skcZbXitZxQ,https://www.reddit.com/r/ethereum/comments/1kofixa/eth_vs_btc_ethereums_superior_monetary_policy/,ETH vs. BTC: Ethereum’s Superior Monetary Policy Fantastic overview when it comes to security of a blockchain.,superior monetary policy fantastic overview come security,0.8591,4.645301268861388
ethereum,1l9mb2r,2025-06-12 13:20:28,ETH is Digital Oil,"I'm excited to announce [The Bull Case for ETH](https://ethdigitaloil.com), which has been developed by many members of the community, including Etherealize. Brew some coffee, kick back, and give this a read.  Please help boost Etherealize's [announcement tweet](https://x.com/etherealize_io/status/1933148258768929165)  ---  **Why is this important?**  - It refocuses ETH to be recognized as a store of value and priced as a commodity (rather than stupid valuations like DCF) - ETF providers have claimed they haven't been pushing ETH because they didn't know how to market it (I know, pathetic). Now there's a playbook with a clear narrative for ETF providers, family offices, account managers, etc to use for marketing ETH. - News outlets will now have educated and consistent messaging to use when talking about ETH and Ethereum. - It provides united messaging to others in the ecosystem to use and hammer home. - This is being distributed globally with content in multiple languages.  **Why digital oil?**  - This is the narrative that Etherealize found resonated the most when talking to institutions. I was hesitant about this at first since it's something that has been around for a while, but the key thing that changed that viewpoint was the shift from focusing on just fees as was done in the past to expanding it to focus on the commodity aspects. HOpefully this report will help convince anyone else that was initially apprehensive as well.  **What now?**  - What's most important now is that we unite as a community and rally behind this messaging as a community. This will be used as a bible to spread the gospel of ETH with united messaging. We need to hammer home this messaging the same way bitcoiners do. - Help write content around this and share content that others are creating. Lets support each other in spreading this messaging. - The day is not over. Etherealize will be on Bankless today to discuss this report and Base has some big announcements around 10am.  ---  Dream bigger.",hanniabu,330,151,https://www.reddit.com/r/ethereum/comments/1l9mb2r/eth_is_digital_oil/,https://www.reddit.com/r/ethereum/comments/1l9mb2r/eth_is_digital_oil/,"ETH is Digital Oil I'm excited to announce [The Bull Case for ETH](https://ethdigitaloil.com), which has been developed by many members of the community, including Etherealize. Brew some coffee, kick back, and give this a read.  Please help boost Etherealize's [announcement tweet](https://x.com/etherealize_io/status/1933148258768929165)  ---  **Why is this important?**  - It refocuses ETH to be recognized as a store of value and priced as a commodity (rather than stupid valuations like DCF) - ETF providers have claimed they haven't been pushing ETH because they didn't know how to market it (I know, pathetic). Now there's a playbook with a clear narrative for ETF providers, family offices, account managers, etc to use for marketing ETH. - News outlets will now have educated and consistent messaging to use when talking about ETH and Ethereum. - It provides united messaging to others in the ecosystem to use and hammer home. - This is being distributed globally with content in multiple languages.  **Why digital oil?**  - This is the narrative that Etherealize found resonated the most when talking to institutions. I was hesitant about this at first since it's something that has been around for a while, but the key thing that changed that viewpoint was the shift from focusing on just fees as was done in the past to expanding it to focus on the commodity aspects. HOpefully this report will help convince anyone else that was initially apprehensive as well.  **What now?**  - What's most important now is that we unite as a community and rally behind this messaging as a community. This will be used as a bible to spread the gospel of ETH with united messaging. We need to hammer home this messaging the same way bitcoiners do. - Help write content around this and share content that others are creating. Lets support each other in spreading this messaging. - The day is not over. Etherealize will be on Bankless today to discuss this report and Base has some big announcements around 10am.  ---  Dream bigger.",digital oil excited announce bull case developed member community including etherealize brew coffee kick back give read please help boost etherealize announcement tweet important refocuses recognized store value priced commodity rather stupid valuation dcf etf provider claimed pushing pathetic playbook clear narrative etf provider family office account manager etc marketing outlet educated consistent messaging talking provides united messaging others ecosystem hammer home distributed globally content multiple language digital oil narrative etherealize found resonated talking institution hesitant first around key changed viewpoint shift focusing fee done past expanding focus commodity aspect hopefully report help convince anyone else initially apprehensive well important unite community rally behind messaging community used bible spread gospel united messaging need hammer home messaging bitcoiners help write content around share content others creating let support spreading messaging etherealize bankless discus report base big announcement around 10am dream bigger,0.9826,6.07044788646612
ethereum,1khshk8,2025-05-08 15:09:59,"New Ethereum narrative: ""ETH is Smart Digital Gold"" — and Why It Matters","Ethereum has outgrown its old narratives — and it's time we updated the way we communicate its value.  Let me break it down:  ETH = Smart Digital Gold  It’s intuitive. Catchy. Easy to explain.  People already understand what digital gold means thanks to Bitcoin. But Ethereum goes beyond that — it’s programmable, versatile, and smart.  Old narratives have served their purpose,but they don't stick with the average person.Heres why:  • ""Ethereum is digital oil"" Who wants to invest in oil?  • ""Ethereum is money""Money doesn’t appreciate or excite.  • ""Ethereum is a triple-point asset"" Too abstract,too long.  Think of it like this:  Ethereum is to Bitcoin what a smartphone is to a basic phone.  You don’t need to know how a smartphone works to recognize its power. Same with Ethereum — you don’t need to understand smart contracts to see the apps, stablecoins, NFTs, rollups, and the ecosystem it enables.  Ethereum is:  • A store of value • A capital-generating asset • A platform for DeFi, NFTs, and more • Constantly evolving  It’s not just digital gold — it’s smart digital gold.  Why this narrative works:  • It’s sticky and accessible • It captures Ethereum’s value and its potential • It aligns with modern tech (smartphones, smart homes, etc.) • It positions Ethereum next to — but above — Bitcoin in utility  This is the elevator pitch we’ve been missing.  Ethereum isn’t just oil, or passive money. It’s smart value for the internet age.  PD. BTW yeah I used AI to structurate the points I wanted to made. my english sucks really hard...",FarruZerker,148,60,https://www.reddit.com/r/ethereum/comments/1khshk8/new_ethereum_narrative_eth_is_smart_digital_gold/,https://www.reddit.com/r/ethereum/comments/1khshk8/new_ethereum_narrative_eth_is_smart_digital_gold/,"New Ethereum narrative: ""ETH is Smart Digital Gold"" — and Why It Matters Ethereum has outgrown its old narratives — and it's time we updated the way we communicate its value.  Let me break it down:  ETH = Smart Digital Gold  It’s intuitive. Catchy. Easy to explain.  People already understand what digital gold means thanks to Bitcoin. But Ethereum goes beyond that — it’s programmable, versatile, and smart.  Old narratives have served their purpose,but they don't stick with the average person.Heres why:  • ""Ethereum is digital oil"" Who wants to invest in oil?  • ""Ethereum is money""Money doesn’t appreciate or excite.  • ""Ethereum is a triple-point asset"" Too abstract,too long.  Think of it like this:  Ethereum is to Bitcoin what a smartphone is to a basic phone.  You don’t need to know how a smartphone works to recognize its power. Same with Ethereum — you don’t need to understand smart contracts to see the apps, stablecoins, NFTs, rollups, and the ecosystem it enables.  Ethereum is:  • A store of value • A capital-generating asset • A platform for DeFi, NFTs, and more • Constantly evolving  It’s not just digital gold — it’s smart digital gold.  Why this narrative works:  • It’s sticky and accessible • It captures Ethereum’s value and its potential • It aligns with modern tech (smartphones, smart homes, etc.) • It positions Ethereum next to — but above — Bitcoin in utility  This is the elevator pitch we’ve been missing.  Ethereum isn’t just oil, or passive money. It’s smart value for the internet age.  PD. BTW yeah I used AI to structurate the points I wanted to made. my english sucks really hard...",narrative digital gold matter outgrown old narrative updated communicate value let break digital gold intuitive catchy easy explain already understand digital gold mean thanks go beyond programmable versatile old narrative served purpose stick average person here digital oil want invest oil money money appreciate excite triple point asset abstract long smartphone basic phone need smartphone work recognize power need understand contract apps stablecoins nfts rollups ecosystem enables store value capital generating asset defi nfts constantly evolving digital gold digital gold narrative work sticky accessible capture value potential aligns modern tech smartphones home etc position next utility elevator pitch missing oil passive money value internet age pd btw yeah used ai structurate point wanted english suck hard,0.9686,5.174584956453116
ethereum,1khj50l,2025-05-08 06:11:05,What’s the best way to generate income from ETH holdings?,"Say you had $10k/25k/50k in ETH. Which is the better strategy to generate income?  -Staking on an exchange or ledger  -Converting funds into an ETF and selling calls  I know that the latter depends a lot on the specifics of the calls sold and carries the risk of closing out the position.  But I don’t know how to calculate the potential return of each strategy vs the risk of a big upside move, or how the total amount of the investment might change the calculation.   If anyone has any insight into this or better advice in general, I would love to hear it.",kauliflower_kid,31,90,https://www.reddit.com/r/ethereum/comments/1khj50l/whats_the_best_way_to_generate_income_from_eth/,https://www.reddit.com/r/ethereum/comments/1khj50l/whats_the_best_way_to_generate_income_from_eth/,"What’s the best way to generate income from ETH holdings? Say you had $10k/25k/50k in ETH. Which is the better strategy to generate income?  -Staking on an exchange or ledger  -Converting funds into an ETF and selling calls  I know that the latter depends a lot on the specifics of the calls sold and carries the risk of closing out the position.  But I don’t know how to calculate the potential return of each strategy vs the risk of a big upside move, or how the total amount of the investment might change the calculation.   If anyone has any insight into this or better advice in general, I would love to hear it.",best generate income holding 10k 25k 50k better strategy generate income staking exchange ledger converting fund etf selling call latter depends specific call sold carry risk closing position calculate potential return strategy risk big upside move total amount investment might change calculation anyone insight better advice general love hear,0.9001,4.324099342364405
ethereum,1l4mfvl,2025-06-06 07:27:07,Someone hacked and drained my ETH Wallet ! Call for Help !,"Someone just drained my wallet, and I don't know what to do. It's just this specific wallet address on Ethereum. Here are the wallet and transaction. Can someone help?  [https://etherscan.io/address/0x8211310A6d22b2098193A68A006FA6b0784df9E3](https://etherscan.io/address/0x8211310A6d22b2098193A68A006FA6b0784df9E3)     Hacker Transfered Moodeng, Pepe and ETH from my account.",hirenkavad,2,44,https://www.reddit.com/r/ethereum/comments/1l4mfvl/someone_hacked_and_drained_my_eth_wallet_call_for/,https://www.reddit.com/r/ethereum/comments/1l4mfvl/someone_hacked_and_drained_my_eth_wallet_call_for/,"Someone hacked and drained my ETH Wallet ! Call for Help ! Someone just drained my wallet, and I don't know what to do. It's just this specific wallet address on Ethereum. Here are the wallet and transaction. Can someone help?  [https://etherscan.io/address/0x8211310A6d22b2098193A68A006FA6b0784df9E3](https://etherscan.io/address/0x8211310A6d22b2098193A68A006FA6b0784df9E3)     Hacker Transfered Moodeng, Pepe and ETH from my account.",someone hacked drained wallet call help someone drained wallet specific wallet address wallet transaction someone help hacker transfered moodeng pepe account,-0.3182,-1.2251169668641406
ethtrader,1lbyz3m,2025-06-15 12:18:07,Ethereum will still hit 100k.,"About two weeks ago, I made a post saying that Ethereum hitting 100k is just a matter of time. In the comments, people made fun of me, mocked me, and even insulted me. I even got DMs saying things like, *“You're just talking crap, get the hell off Reddit.”*  Now, just a few days ago, Etherealize released a paper projecting Ethereum at $80k as a mid-case, and $700k as a long-case scenario.   Let me tell you something - two weeks ago, no one supported me, and probably no one will now either, but:   To all of you who laughed at me — the laugh will be on *you* in the next 1–4 years. And everyone will say, *“That one guy on Reddit... I should’ve listened to him.”*   I’ll be the one laughing then, saying *“Told you so.”*   And you’ll be thinking, *“Why didn’t I buy more ETH?”*  * Stablecoins are going to revolutionize everything * Major banks are betting on Ethereum * Tokenization of real-world assets is kicking off at BlackRock * If it weren’t for Israel–Iran tensions, I’m convinced we’d have seen uninterrupted ETF inflows  To everyone who doesn’t believe in Ethereum: **You’re going to wake up eventually.**   And to those who keep mocking or insulting me here: **We’ll see who gets the last laugh.**",knallerbsee,668,697,https://www.reddit.com/r/ethtrader/comments/1lbyz3m/ethereum_will_still_hit_100k/,https://www.reddit.com/r/ethtrader/comments/1lbyz3m/ethereum_will_still_hit_100k/,"Ethereum will still hit 100k. About two weeks ago, I made a post saying that Ethereum hitting 100k is just a matter of time. In the comments, people made fun of me, mocked me, and even insulted me. I even got DMs saying things like, *“You're just talking crap, get the hell off Reddit.”*  Now, just a few days ago, Etherealize released a paper projecting Ethereum at $80k as a mid-case, and $700k as a long-case scenario.   Let me tell you something - two weeks ago, no one supported me, and probably no one will now either, but:   To all of you who laughed at me — the laugh will be on *you* in the next 1–4 years. And everyone will say, *“That one guy on Reddit... I should’ve listened to him.”*   I’ll be the one laughing then, saying *“Told you so.”*   And you’ll be thinking, *“Why didn’t I buy more ETH?”*  * Stablecoins are going to revolutionize everything * Major banks are betting on Ethereum * Tokenization of real-world assets is kicking off at BlackRock * If it weren’t for Israel–Iran tensions, I’m convinced we’d have seen uninterrupted ETF inflows  To everyone who doesn’t believe in Ethereum: **You’re going to wake up eventually.**   And to those who keep mocking or insulting me here: **We’ll see who gets the last laugh.**",hit 100k two week ago post saying hitting 100k matter comment fun mocked insulted dm saying thing talking crap hell reddit day ago etherealize released paper projecting 80k mid case 700k long case scenario let tell two week ago supported probably either laughed laugh next year guy reddit listened laughing saying told thinking buy stablecoins revolutionize everything major bank betting tokenization real world asset kicking blackrock israel iran tension convinced seen uninterrupted etf inflow believe wake eventually keep mocking insulting get last laugh,0.5106,3.686349225690754
ethtrader,1kjhsst,2025-05-10 19:08:18,"Ethereum Just Broke $2,500 🚀 Is This The Start Of The Next Mega Bull Run?! 🔥📈",,kirtash93,1205,308,https://i.redd.it/wptv2i2r600f1.png,https://www.reddit.com/r/ethtrader/comments/1kjhsst/ethereum_just_broke_2500_is_this_the_start_of_the/,"Ethereum Just Broke $2,500 🚀 Is This The Start Of The Next Mega Bull Run?! 🔥📈 ",broke 500 start next mega bull run,-0.4215,-3.0864381479299015
ethtrader,1klvihz,2025-05-13 19:50:05,Ethereum (ETH) Is Back Above $2700 - We Are so Back! 🚀,,kirtash93,1038,245,https://i.redd.it/64kd03vwsl0f1.png,https://www.reddit.com/r/ethtrader/comments/1klvihz/ethereum_eth_is_back_above_2700_we_are_so_back/,Ethereum (ETH) Is Back Above $2700 - We Are so Back! 🚀 ,back 2700 back,0.0,0.0
ethtrader,1kdzdpb,2025-05-03 18:15:30,Why is Ethereum doing so insanely bad,"Hi everyone,   I'm new to the crypto space and looking to buy my first positions. Over the past few weeks, I’ve spent a lot of time researching different projects – and I keep coming back to Ethereum.  I’ve mostly invested in stocks before, and I usually base my decisions on what companies are building for the future or what role they could play long term. Applying the same thinking to crypto, Ethereum stood out to me. Here’s what I’ve found so far:  **Why Ethereum makes sense to me:**  *  Ethereum might be officially classified as a *commodity*, not a *security* – which would open the door for big funds and banks to invest freely * Visa is running a tokenization pilot on Ethereum and plans to go live in 2025, with banks like BBVA involved *  BlackRock is testing a $150 billion tokenized Treasury fund on Ethereum infrastructure *  Ethereum’s staking model + burn mechanism make it potentially deflationary over time *  Ethereum is already being used for real-world asset (RWA) tokenization – stocks, bonds, even real estate  **But here’s my problem:**  Despite all of this, **Ethereum’s price is just SUCK** around $1800. It feels like nothing is moving or better: The price doesn’t reflect what Ethereum is actually capable of.. I’m used to seeing assets go up when the fundamentals are strong, so this makes me hesitant to buy. No matter how much good news comes out about Ethereum, the price just doesn’t move.  I’m wondering if I’m missing something?  I’d love to hear your thoughts – especially from long-term ETH holders. Why is ETH still lagging? And do you think that will change soon?  ",knallerbsee,317,338,https://www.reddit.com/r/ethtrader/comments/1kdzdpb/why_is_ethereum_doing_so_insanely_bad/,https://www.reddit.com/r/ethtrader/comments/1kdzdpb/why_is_ethereum_doing_so_insanely_bad/,"Why is Ethereum doing so insanely bad Hi everyone,   I'm new to the crypto space and looking to buy my first positions. Over the past few weeks, I’ve spent a lot of time researching different projects – and I keep coming back to Ethereum.  I’ve mostly invested in stocks before, and I usually base my decisions on what companies are building for the future or what role they could play long term. Applying the same thinking to crypto, Ethereum stood out to me. Here’s what I’ve found so far:  **Why Ethereum makes sense to me:**  *  Ethereum might be officially classified as a *commodity*, not a *security* – which would open the door for big funds and banks to invest freely * Visa is running a tokenization pilot on Ethereum and plans to go live in 2025, with banks like BBVA involved *  BlackRock is testing a $150 billion tokenized Treasury fund on Ethereum infrastructure *  Ethereum’s staking model + burn mechanism make it potentially deflationary over time *  Ethereum is already being used for real-world asset (RWA) tokenization – stocks, bonds, even real estate  **But here’s my problem:**  Despite all of this, **Ethereum’s price is just SUCK** around $1800. It feels like nothing is moving or better: The price doesn’t reflect what Ethereum is actually capable of.. I’m used to seeing assets go up when the fundamentals are strong, so this makes me hesitant to buy. No matter how much good news comes out about Ethereum, the price just doesn’t move.  I’m wondering if I’m missing something?  I’d love to hear your thoughts – especially from long-term ETH holders. Why is ETH still lagging? And do you think that will change soon?  ",insanely bad hi space looking buy first position past week spent researching different project keep coming back mostly invested stock usually base decision company building future role play long term applying thinking stood found far make sense might officially classified commodity security open door big fund bank invest freely visa running tokenization pilot plan go live 2025 bank bbva involved blackrock testing 150 billion tokenized treasury fund infrastructure staking model burn mechanism potentially deflationary already used real world asset rwa tokenization stock bond real estate problem despite suck around 1800 feel nothing moving better reflect actually capable used seeing asset go fundamental strong make hesitant buy matter good come move wondering missing love hear thought especially long term holder lagging change soon,0.9337,6.0561283286370955
ethtrader,1kf8fdf,2025-05-05 10:38:53,Ethereum is going to dominate everything - and no one sees it coming,"I swear, I’ve been ordering nothing but pizza for the past 7 days, my family hates me because I’m ignoring everyone, and I smell like a pig. I’ve been in an absolute rabbit hole for the past week ever since the thought hit me: ""Which cryptocurrency should I invest in?""  Of course, I stumbled across the usual suspects: Solana, Bitcoin, XRP, etc. But one in particular really caught my attention: Ethereum.   How is it possible that Ethereum is the second biggest cryptocurrency, but still feels so ""cheap"" and barely moves in price?  So I started digging.   At first, I ended up on YouTube—like pretty much everyone. YouTubers doing all sorts of chart analysis. At first, it seemed plausible. But then I went back and watched some of their older videos, and guess what? Not a single one of their predictions came even remotely true.  Next, I moved on to crypto news YouTubers. But they all gave off this vibe of ""How do I get the most views the fastest?"" Some of it was informed, yes—but the promises were way too big and way too fast. Not for me. I don’t buy into that.   My motto has always been: Buy, hold, forget, celebrate in 1–3 years.  Naturally, I ended up in some forums. And the opinions on Ethereum couldn’t have been more divided. From “Ethereum is the best thing ever” to “Ethereum is so slow and trash.”   I think people are just frustrated because Ethereum is so volatile.  Up to this point, I guess most people have taken the same path.   And by now, 5 days had already passed.  After that, I made a post in this thread.: ""Why is ETH so undervalued?""   I expected maybe 3–4 replies.   Boom: Over 200 replies. And zero consensus.  That’s when I thought: Why not go straight to the root?  So I started watching tons of interviews with Vitalik from 2020–2025, tracked Ethereum’s development, watched BlackRock interviews—especially with Larry Fink—and looked into how Ethereum has changed over the years.  Ethereum was always cool, but it never focused on marketing. Only a tiny fraction of people even understand what ETH actually is.   But earlier this year, Ethereum launched something called Etherealize—which is aimed specifically at changing that, to finally start marketing Ethereum properly.  All of this, combined with BlackRock saying that everything will be built on ETH, and the fact that other companies also put ETH first, led me to this conclusion:  Ethereum is a caterpillar that’s turning into a GIGA MEGA ULTRA butterfly.  And here’s why I think that:  1. Ethereum realized their public image sucks. They appointed two co-directors to strengthen leadership. 2. Etherealize is actively reaching out to potential clients to pitch Ethereum. 3. BlackRock is backing Ethereum, and in an interview, it was said that other companies also put ETH at the top. 4. Last year, Larry Fink said in an interview that he wants to tokenize all of BlackRock’s assets because he’s convinced that’s the future. 5. This year, Fink repeated in another interview that the SEC needs to hurry up because tokenization would simplify so much. 6. Within just two months, BlackRock poured $2.2 billion into the BlackRock USD Institutional Digital Liquidity Fund. Before that, they had invested only $600 million over the course of an entire year. 7. Ethereum still holds the largest market share—by far. 8. BlackRock plans to tokenize its $150 billion Treasury Trust Fund. While they didn’t officially say it’ll be on ETH, the signs are obvious. In a recent interview at Etherealize, it was hinted that BlackRock did choose ETH. Also, they previously ran a very successful pilot project on Ethereum. 9. Other companies are jumping on the ETH bandwagon too. 10. The president’s son literally said it’s a good time to buy ETH—even when it was still over $2K.  Okay… there’s a lot more I could say.   But those are my core fundamental data points for why I believe ETH is a sleeping giant.  What do you think?   If I’m missing something or misinterpreting any of this, feel free to call it out. I’m genuinely curious.",knallerbsee,415,235,https://www.reddit.com/r/ethtrader/comments/1kf8fdf/ethereum_is_going_to_dominate_everything_and_no/,https://www.reddit.com/r/ethtrader/comments/1kf8fdf/ethereum_is_going_to_dominate_everything_and_no/,"Ethereum is going to dominate everything - and no one sees it coming I swear, I’ve been ordering nothing but pizza for the past 7 days, my family hates me because I’m ignoring everyone, and I smell like a pig. I’ve been in an absolute rabbit hole for the past week ever since the thought hit me: ""Which cryptocurrency should I invest in?""  Of course, I stumbled across the usual suspects: Solana, Bitcoin, XRP, etc. But one in particular really caught my attention: Ethereum.   How is it possible that Ethereum is the second biggest cryptocurrency, but still feels so ""cheap"" and barely moves in price?  So I started digging.   At first, I ended up on YouTube—like pretty much everyone. YouTubers doing all sorts of chart analysis. At first, it seemed plausible. But then I went back and watched some of their older videos, and guess what? Not a single one of their predictions came even remotely true.  Next, I moved on to crypto news YouTubers. But they all gave off this vibe of ""How do I get the most views the fastest?"" Some of it was informed, yes—but the promises were way too big and way too fast. Not for me. I don’t buy into that.   My motto has always been: Buy, hold, forget, celebrate in 1–3 years.  Naturally, I ended up in some forums. And the opinions on Ethereum couldn’t have been more divided. From “Ethereum is the best thing ever” to “Ethereum is so slow and trash.”   I think people are just frustrated because Ethereum is so volatile.  Up to this point, I guess most people have taken the same path.   And by now, 5 days had already passed.  After that, I made a post in this thread.: ""Why is ETH so undervalued?""   I expected maybe 3–4 replies.   Boom: Over 200 replies. And zero consensus.  That’s when I thought: Why not go straight to the root?  So I started watching tons of interviews with Vitalik from 2020–2025, tracked Ethereum’s development, watched BlackRock interviews—especially with Larry Fink—and looked into how Ethereum has changed over the years.  Ethereum was always cool, but it never focused on marketing. Only a tiny fraction of people even understand what ETH actually is.   But earlier this year, Ethereum launched something called Etherealize—which is aimed specifically at changing that, to finally start marketing Ethereum properly.  All of this, combined with BlackRock saying that everything will be built on ETH, and the fact that other companies also put ETH first, led me to this conclusion:  Ethereum is a caterpillar that’s turning into a GIGA MEGA ULTRA butterfly.  And here’s why I think that:  1. Ethereum realized their public image sucks. They appointed two co-directors to strengthen leadership. 2. Etherealize is actively reaching out to potential clients to pitch Ethereum. 3. BlackRock is backing Ethereum, and in an interview, it was said that other companies also put ETH at the top. 4. Last year, Larry Fink said in an interview that he wants to tokenize all of BlackRock’s assets because he’s convinced that’s the future. 5. This year, Fink repeated in another interview that the SEC needs to hurry up because tokenization would simplify so much. 6. Within just two months, BlackRock poured $2.2 billion into the BlackRock USD Institutional Digital Liquidity Fund. Before that, they had invested only $600 million over the course of an entire year. 7. Ethereum still holds the largest market share—by far. 8. BlackRock plans to tokenize its $150 billion Treasury Trust Fund. While they didn’t officially say it’ll be on ETH, the signs are obvious. In a recent interview at Etherealize, it was hinted that BlackRock did choose ETH. Also, they previously ran a very successful pilot project on Ethereum. 9. Other companies are jumping on the ETH bandwagon too. 10. The president’s son literally said it’s a good time to buy ETH—even when it was still over $2K.  Okay… there’s a lot more I could say.   But those are my core fundamental data points for why I believe ETH is a sleeping giant.  What do you think?   If I’m missing something or misinterpreting any of this, feel free to call it out. I’m genuinely curious.",dominate everything see coming swear ordering nothing pizza past day family hate ignoring smell pig absolute rabbit hole past ever thought hit cryptocurrency invest course stumbled across usual suspect solana xrp etc particular caught attention possible second biggest cryptocurrency feel cheap barely move started digging first ended youtube pretty youtubers sort chart analysis first seemed plausible went back watched older video guess single prediction came remotely true next moved youtubers gave vibe view fastest informed yes promise big fast buy motto always buy hold forget celebrate year naturally ended forum opinion divided best ever slow trash frustrated volatile point guess taken path day already passed post thread undervalued expected maybe reply boom 200 reply zero consensus thought go straight root started watching ton interview vitalik 2020 2025 tracked watched blackrock interview especially larry fink looked changed year always cool never focused marketing tiny fraction understand actually earlier launched called etherealize aimed specifically changing finally start marketing properly combined blackrock saying everything built fact company put first led conclusion caterpillar turning giga mega ultra butterfly realized public image suck appointed two co director strengthen leadership etherealize actively reaching potential client pitch blackrock backing interview company put top last larry fink interview want tokenize blackrock asset convinced future fink repeated another interview sec need hurry tokenization simplify within two month blackrock poured billion blackrock usd institutional digital liquidity fund invested 600 million course entire hold largest share far blackrock plan tokenize 150 billion treasury trust fund officially sign obvious recent interview etherealize hinted blackrock choose previously ran successful pilot company jumping bandwagon 10 president son literally good buy 2k okay core fundamental data point believe sleeping giant missing misinterpreting feel free call genuinely curious,0.9861,6.38845835818187
ethtrader,1kgbh7p,2025-05-06 18:12:36,"The Biggest Ethereum (ETH) Upgrade Since The Merge Is Coming, And This Time, You Will Feel It",,kirtash93,498,181,https://www.reddit.com/gallery/1kgbh7p,https://www.reddit.com/r/ethtrader/comments/1kgbh7p/the_biggest_ethereum_eth_upgrade_since_the_merge/,"The Biggest Ethereum (ETH) Upgrade Since The Merge Is Coming, And This Time, You Will Feel It ",biggest upgrade merge coming feel,0.0,0.0
ethtrader,1kr14c6,2025-05-20 10:03:43,The 'I told you so' Ethereum moment is coming.,"Something big is coming and there are still many people who do not understand it. DCinvestor posted a tweet that got me thinking, the biggest financial players are starting to build on Ethereum, and it is about to change everything. We are talking literally big banks and institutions coming to Ethereum, using the blockchain for DeFi and tokenization. This all points out that this will be the future of finance. A report from XBTO back in April this year already pointed this out, showing how Ethereum's adoption is growing, and it is growing really fast, even if the price has not caught up yet.. but it will.    Yet people here on Reddit and even on Twitter are still trashing ETH, calling it a bad investment while Bitcoin is slowly losing its dominance. Bitcoin might feel 'safer' but Ethereum's potential is being slept on.  DCinvestor's tweet should be a wake-up call. In a year we are going to look back and realize this was the turning point. Mark my words, ETH investors are going to be the ones saying, 'I told you so' while the doubters struggle to catch up. Ethereum has the best fundamentals in crypto and the price will follow. This is just the beginning.  Source:  * https://x.com/iamDCinvestor/status/1924760821269483918",MasterpieceLoud4931,310,162,https://www.reddit.com/r/ethtrader/comments/1kr14c6/the_i_told_you_so_ethereum_moment_is_coming/,https://www.reddit.com/r/ethtrader/comments/1kr14c6/the_i_told_you_so_ethereum_moment_is_coming/,"The 'I told you so' Ethereum moment is coming. Something big is coming and there are still many people who do not understand it. DCinvestor posted a tweet that got me thinking, the biggest financial players are starting to build on Ethereum, and it is about to change everything. We are talking literally big banks and institutions coming to Ethereum, using the blockchain for DeFi and tokenization. This all points out that this will be the future of finance. A report from XBTO back in April this year already pointed this out, showing how Ethereum's adoption is growing, and it is growing really fast, even if the price has not caught up yet.. but it will.    Yet people here on Reddit and even on Twitter are still trashing ETH, calling it a bad investment while Bitcoin is slowly losing its dominance. Bitcoin might feel 'safer' but Ethereum's potential is being slept on.  DCinvestor's tweet should be a wake-up call. In a year we are going to look back and realize this was the turning point. Mark my words, ETH investors are going to be the ones saying, 'I told you so' while the doubters struggle to catch up. Ethereum has the best fundamentals in crypto and the price will follow. This is just the beginning.  Source:  * https://x.com/iamDCinvestor/status/1924760821269483918",told moment coming big coming understand dcinvestor posted tweet thinking biggest financial player starting build change everything talking literally big bank institution coming using defi tokenization point future finance report xbto back april already pointed showing adoption growing growing fast caught yet yet reddit twitter trashing calling bad investment slowly losing dominance might feel safer potential slept dcinvestor tweet wake call look back realize turning point mark word investor one saying told doubter struggle catch best fundamental follow beginning source,0.0516,0.31780932204618373
ethtrader,1khufqf,2025-05-08 16:29:41,Ethereum shuts down the FUD.. again.,"As we all know, Ethereum just pulled off its massive Pectra upgrade yesterday.. and guess what? It went off without any issues, completely flawless, smooth, and honestly this is a big middle finger to all the FUD spreaders out there. 0xCygaar, a software engineer for the Abstract chain, said on Twitter Pectra was like 'upgrading an airplane's engines mid flight,' and he is right. A decentralized network like Ethereum, with thousands of nodes worldwide, just upgraded 11 major improvements and without even blinking. Meanwhile centralized systems can barely update their servers without crashing, do you see the difference here?   The haters always say Ethereum is too slow, too clunky, or cannot scale. Pectra just doubled blob capacity for L2 scaling, made wallets better and improved user experience a lot. User experience is what is most criticized in the Ethereum ecosystem, and that is what is being improved.  The cherry on top is ETH's price pumped hard after the upgrade, proving the market believes in Ethereum's future. Centralized setups choke under single points of failure while Ethereum's decentralized technology keeps shining. The core devs are the best and they get almost zero praise most days. So to the FUD crowd: Ethereum is laughing all the way to the moon, maybe it is time to stop doubting and start believing.  *0xCygaar's tweet: x.com/0xCygaar/status/1920139116345168261*",MasterpieceLoud4931,465,118,https://www.reddit.com/r/ethtrader/comments/1khufqf/ethereum_shuts_down_the_fud_again/,https://www.reddit.com/r/ethtrader/comments/1khufqf/ethereum_shuts_down_the_fud_again/,"Ethereum shuts down the FUD.. again. As we all know, Ethereum just pulled off its massive Pectra upgrade yesterday.. and guess what? It went off without any issues, completely flawless, smooth, and honestly this is a big middle finger to all the FUD spreaders out there. 0xCygaar, a software engineer for the Abstract chain, said on Twitter Pectra was like 'upgrading an airplane's engines mid flight,' and he is right. A decentralized network like Ethereum, with thousands of nodes worldwide, just upgraded 11 major improvements and without even blinking. Meanwhile centralized systems can barely update their servers without crashing, do you see the difference here?   The haters always say Ethereum is too slow, too clunky, or cannot scale. Pectra just doubled blob capacity for L2 scaling, made wallets better and improved user experience a lot. User experience is what is most criticized in the Ethereum ecosystem, and that is what is being improved.  The cherry on top is ETH's price pumped hard after the upgrade, proving the market believes in Ethereum's future. Centralized setups choke under single points of failure while Ethereum's decentralized technology keeps shining. The core devs are the best and they get almost zero praise most days. So to the FUD crowd: Ethereum is laughing all the way to the moon, maybe it is time to stop doubting and start believing.  *0xCygaar's tweet: x.com/0xCygaar/status/1920139116345168261*",shuts fud pulled massive pectra upgrade yesterday guess went without issue completely flawless smooth honestly big middle finger fud spreader 0xcygaar software engineer abstract twitter pectra upgrading airplane engine mid flight decentralized thousand node worldwide upgraded 11 major improvement without blinking meanwhile centralized system barely server without crashing difference hater always slow clunky scale pectra doubled blob capacity l2 scaling wallet better improved user experience user experience criticized ecosystem improved cherry top pumped hard upgrade proving belief future centralized setup choke single point failure decentralized technology keep shining core devs best almost zero praise day fud crowd laughing moon maybe stop doubting start believing 0xcygaar tweet com 0xcygaar status 1920139116345168261,0.8398,5.349442845379145
ethtrader,1koszsr,2025-05-17 13:27:35,Ethereum Holders in 2025:,,kirtash93,421,88,https://v.redd.it/jdxpeewbgc1f1,https://www.reddit.com/r/ethtrader/comments/1koszsr/ethereum_holders_in_2025/,Ethereum Holders in 2025: ,holder 2025,0.0,0.0
ethtrader,1kh56pn,2025-05-07 18:47:36,Ethereum Just Upgraded. The Market Yawned.,"I've seen a few comments today from people complaining that Ethereum's price isn’t moving after the update. But honestly, I expected this. The masses aren't really into Ethereum like that. We're a small group of niche nerds who follow these upgrades closely – the average person doesn’t even know this happened. But let’s not forget: most people don’t see the big picture. So let’s break it down, one by one:  **What the Pectra Upgrade Actually Changes**  1. **More ETH per Validator** → Institutions can now stake more ETH per validator (from 32 ETH to 2048 ETH). Easier for big players. 2. **Smart Wallets**  → Wallets can now act like smart contracts. Pay gas with any token, bundle transactions, better security. 3. **More Data per Block** → Ethereum can now handle twice the ""blob"" data. That helps Layer-2s scale faster and cheaper. 4. **Better User Experience (under the hood)** → Several technical improvements make Ethereum smoother for developers and future upgrades.  Big companies move slowly, and it will take time to sell this to them. On top of that, the lack of a clear classification from the SEC remains a major risk factor. BUT — if Ethereum is officially classified as a commodity, I'm confident: there will be no holding it back. And honestly, the signs are looking good.  What are your thoughts about this?",knallerbsee,312,104,https://www.reddit.com/r/ethtrader/comments/1kh56pn/ethereum_just_upgraded_the_market_yawned/,https://www.reddit.com/r/ethtrader/comments/1kh56pn/ethereum_just_upgraded_the_market_yawned/,"Ethereum Just Upgraded. The Market Yawned. I've seen a few comments today from people complaining that Ethereum's price isn’t moving after the update. But honestly, I expected this. The masses aren't really into Ethereum like that. We're a small group of niche nerds who follow these upgrades closely – the average person doesn’t even know this happened. But let’s not forget: most people don’t see the big picture. So let’s break it down, one by one:  **What the Pectra Upgrade Actually Changes**  1. **More ETH per Validator** → Institutions can now stake more ETH per validator (from 32 ETH to 2048 ETH). Easier for big players. 2. **Smart Wallets**  → Wallets can now act like smart contracts. Pay gas with any token, bundle transactions, better security. 3. **More Data per Block** → Ethereum can now handle twice the ""blob"" data. That helps Layer-2s scale faster and cheaper. 4. **Better User Experience (under the hood)** → Several technical improvements make Ethereum smoother for developers and future upgrades.  Big companies move slowly, and it will take time to sell this to them. On top of that, the lack of a clear classification from the SEC remains a major risk factor. BUT — if Ethereum is officially classified as a commodity, I'm confident: there will be no holding it back. And honestly, the signs are looking good.  What are your thoughts about this?",upgraded yawned seen comment complaining moving honestly expected mass small group niche nerd follow upgrade closely average person happened let forget big picture let break pectra upgrade actually change per validator institution stake per validator 32 2048 easier big player wallet wallet act contract pay gas bundle transaction better security data per block handle twice blob data help layer scale faster cheaper better user experience hood several technical improvement smoother developer future upgrade big company move slowly take sell top lack clear classification sec remains major risk factor officially classified commodity confident holding back honestly sign looking good thought,0.9602,5.792969390171209
ethtrader,1kj6og6,2025-05-10 09:55:41,"Ethereum has never gone offline, Solana cannot say the same.","Some people may not know this, but Ethereum has a flawless track record. Since it started in 2015, Ethereum has not gone offline once. Not a single crash, no downtime, nothing. That is basically10 years of pure uninterrupted action. This was pointed out by sassal.eth, a well known Ethereum community member, on Twitter.  I mean really think about this. Even big centralized companies like banks or Amazon have outages, but Ethereum?? Never. It does not stop, it just keeps going. But why is it like this? Ethereum's community and developers are always one step ahead. They fix a problem before it even happens.  There is not a single point of failure and that is why it never crashes. Ethereum doesn't even go down during upgrades, as I mentioned in my post yesterday. Meanwhile Solana has been struggling with its faster but fragile model. It had multiple outages since 2020, some actually lasting hours, because of its Proof-of-History system. Solana sacrifices reliability because of its speed. Solana's centralization makes it vulnerable.  Ethereum keeps proving that true decentralization is the key to a network that never sleeps. Solana should take notes, speed means nothing if you are offline. Ethereum may not be perfect yet, but its stability is still unmatched.  *Here is sassal.eth's referenced tweet: x.com/sassal0x/status/1920662735471124664*",MasterpieceLoud4931,256,94,https://www.reddit.com/r/ethtrader/comments/1kj6og6/ethereum_has_never_gone_offline_solana_cannot_say/,https://www.reddit.com/r/ethtrader/comments/1kj6og6/ethereum_has_never_gone_offline_solana_cannot_say/,"Ethereum has never gone offline, Solana cannot say the same. Some people may not know this, but Ethereum has a flawless track record. Since it started in 2015, Ethereum has not gone offline once. Not a single crash, no downtime, nothing. That is basically10 years of pure uninterrupted action. This was pointed out by sassal.eth, a well known Ethereum community member, on Twitter.  I mean really think about this. Even big centralized companies like banks or Amazon have outages, but Ethereum?? Never. It does not stop, it just keeps going. But why is it like this? Ethereum's community and developers are always one step ahead. They fix a problem before it even happens.  There is not a single point of failure and that is why it never crashes. Ethereum doesn't even go down during upgrades, as I mentioned in my post yesterday. Meanwhile Solana has been struggling with its faster but fragile model. It had multiple outages since 2020, some actually lasting hours, because of its Proof-of-History system. Solana sacrifices reliability because of its speed. Solana's centralization makes it vulnerable.  Ethereum keeps proving that true decentralization is the key to a network that never sleeps. Solana should take notes, speed means nothing if you are offline. Ethereum may not be perfect yet, but its stability is still unmatched.  *Here is sassal.eth's referenced tweet: x.com/sassal0x/status/1920662735471124664*",never gone offline solana flawless track record started 2015 gone offline single crash downtime nothing basically10 year pure uninterrupted action pointed sassal well known community member twitter mean big centralized company bank amazon outage never stop keep community developer always step ahead fix problem happens single point failure never crash go upgrade mentioned post yesterday meanwhile solana struggling faster fragile model multiple outage 2020 actually lasting hour proof history system solana sacrifice reliability speed solana centralization make vulnerable keep proving true decentralization key never sleep solana take note speed mean nothing offline perfect yet stability unmatched sassal referenced tweet com sassal0x status 1920662735471124664,-0.5286,-3.098011597724056
ethtrader,1ktde9n,2025-05-23 07:14:14,Ethereum flips Bank of America in market cap.,,Creative_Ad7831,331,67,https://i.redd.it/qtinfbv7fh2f1.jpeg,https://www.reddit.com/r/ethtrader/comments/1ktde9n/ethereum_flips_bank_of_america_in_market_cap/,Ethereum flips Bank of America in market cap. ,flip bank america cap,0.0,0.0
ethtrader,1ktgjuc,2025-05-23 10:53:16,"Ethereum will hit $100k in the next 4 Years, here is why:","Hear me out:  One of the obvious drivers is staking. As more ETH gets staked, it becomes locked and unavailable for trading. This isn’t just theoretical scarcity — it’s enforced illiquidity. But let’s be honest: staking is just one piece of the puzzle. Yes, it restricts supply. Yes, it’s sticky. But it’s not the core reason Ethereum can hit $100K. It’s a small stone in a much larger foundation.  If you look across different charts and macro trends, one thing becomes crystal clear:  Ethereum is becoming the base layer for tokenized real-world assets — government bonds, real estate, equities, stablecoins, and more. Institutional players and fintech platforms are building on Ethereum. And that matters. For finance to operate on a global scale, it needs trustless, permissionless, borderless infrastructure. Ethereum is the only serious option right now that checks all those boxes.  Yes, there’s still the regulatory overhang — how will Ethereum be classified? But come on. The signals from the SEC are positive. The U.S. government has a clear incentive to classify ETH as a commodity. BlackRock wants it to be a commodity. The entire financial world is leaning in that direction. And even if it takes time — the trajectory is clear.  Meanwhile, institutions are beginning to treat ETH not just as a protocol — but as a balance sheet asset. Just look at Coinbase: they now hold ETH in their treasury. This is only the beginning. As more corporations start adding ETH as a reserve asset, it unlocks a completely new demand layer — and further anchors Ethereum as the monetary base of tokenized finance.  To reach $100K per ETH, we’d need somewhere around $10–12 trillion in real-world assets to be tokenized. That may sound bold, but it’s not crazy — it’s actually realistic. The global bond market alone is over $130 trillion. Even a small fraction migrating on-chain gives ETH explosive upside.  Hate me all you want — but I believe in this.  We're going to make it. We're going to be millionaires.  JUST HOLD.",knallerbsee,51,143,https://www.reddit.com/r/ethtrader/comments/1ktgjuc/ethereum_will_hit_100k_in_the_next_4_years_here/,https://www.reddit.com/r/ethtrader/comments/1ktgjuc/ethereum_will_hit_100k_in_the_next_4_years_here/,"Ethereum will hit $100k in the next 4 Years, here is why: Hear me out:  One of the obvious drivers is staking. As more ETH gets staked, it becomes locked and unavailable for trading. This isn’t just theoretical scarcity — it’s enforced illiquidity. But let’s be honest: staking is just one piece of the puzzle. Yes, it restricts supply. Yes, it’s sticky. But it’s not the core reason Ethereum can hit $100K. It’s a small stone in a much larger foundation.  If you look across different charts and macro trends, one thing becomes crystal clear:  Ethereum is becoming the base layer for tokenized real-world assets — government bonds, real estate, equities, stablecoins, and more. Institutional players and fintech platforms are building on Ethereum. And that matters. For finance to operate on a global scale, it needs trustless, permissionless, borderless infrastructure. Ethereum is the only serious option right now that checks all those boxes.  Yes, there’s still the regulatory overhang — how will Ethereum be classified? But come on. The signals from the SEC are positive. The U.S. government has a clear incentive to classify ETH as a commodity. BlackRock wants it to be a commodity. The entire financial world is leaning in that direction. And even if it takes time — the trajectory is clear.  Meanwhile, institutions are beginning to treat ETH not just as a protocol — but as a balance sheet asset. Just look at Coinbase: they now hold ETH in their treasury. This is only the beginning. As more corporations start adding ETH as a reserve asset, it unlocks a completely new demand layer — and further anchors Ethereum as the monetary base of tokenized finance.  To reach $100K per ETH, we’d need somewhere around $10–12 trillion in real-world assets to be tokenized. That may sound bold, but it’s not crazy — it’s actually realistic. The global bond market alone is over $130 trillion. Even a small fraction migrating on-chain gives ETH explosive upside.  Hate me all you want — but I believe in this.  We're going to make it. We're going to be millionaires.  JUST HOLD.",hit 100k next year hear obvious driver staking get staked becomes locked unavailable trading theoretical scarcity enforced illiquidity let honest staking piece puzzle yes restricts supply yes sticky core reason hit 100k small stone larger foundation look across different chart macro trend becomes crystal clear becoming base layer tokenized real world asset government bond real estate equity stablecoins institutional player fintech building matter finance operate global scale need trustless permissionless borderless infrastructure serious option check box yes regulatory overhang classified come signal sec positive government clear incentive classify commodity blackrock want commodity entire financial world leaning direction take trajectory clear meanwhile institution beginning treat protocol balance sheet asset look coinbase hold treasury beginning corporation start adding reserve asset unlocks completely demand layer anchor monetary base tokenized finance reach 100k per need somewhere around 10 12 trillion real world asset tokenized sound bold crazy actually realistic global bond alone 130 trillion small fraction migrating give explosive upside hate want believe millionaire hold,0.9761,5.146974869114073
ethtrader,1legsin,2025-06-18 13:14:00,Why the silence on Ethereum? Big players are holding back and it is weird.,"The well-known Ethereum educator and investor sassal.eth posted a very interesting tweet yesterday. He said, and I quote, that 'this whole Coinbase doesn't have to talk about Ethereum thing is just dumb.' Ethereum has been at the center of some of the biggest moves in crypto, especially recently. Yet the silence from big players like Coinbase, BlackRock, and even Trump is weird.  Let's take Coinbase, they own 137,000 ETH, run a top-tier staking service and on top of that they created Base, an Ethereum L2 that handles millions of transactions every month. Coinbase put serious money into ETH and yet they barely hype it. BlackRock is another example, they have the iShares Ethereum Trust ETF but do not talk about ETH often or at all. Even Trump, he is very involved in crypto now. Trump never talked about ETH despite better regulations that are good for not only Ethereum but the entire crypto sector. And he obviously holds ETH too!!  This silence feels very weird, these giants have a lot invested in Ethereum, financially and infrastructurally. But they are not talking about Ethereum's potential. So.. are they focusing on the long-term, accumulating ETH under the radar before going bullish?? Or is this strategic and they are avoiding competition? They could be wary of regulatory pushback or just don't want to ruin everything. Whatever the reason it is frustrating. Ethereum is eco-friendly and has staking rewards, because of this alone it should be front-page news. This silence hints at secret reasons, and as an ETH fan I have to ask why are they not sharing ETH vocally when they have so much to gain?  Source:  * https://x.com/sassal0x/status/1935102653526417770",MasterpieceLoud4931,117,101,https://www.reddit.com/r/ethtrader/comments/1legsin/why_the_silence_on_ethereum_big_players_are/,https://www.reddit.com/r/ethtrader/comments/1legsin/why_the_silence_on_ethereum_big_players_are/,"Why the silence on Ethereum? Big players are holding back and it is weird. The well-known Ethereum educator and investor sassal.eth posted a very interesting tweet yesterday. He said, and I quote, that 'this whole Coinbase doesn't have to talk about Ethereum thing is just dumb.' Ethereum has been at the center of some of the biggest moves in crypto, especially recently. Yet the silence from big players like Coinbase, BlackRock, and even Trump is weird.  Let's take Coinbase, they own 137,000 ETH, run a top-tier staking service and on top of that they created Base, an Ethereum L2 that handles millions of transactions every month. Coinbase put serious money into ETH and yet they barely hype it. BlackRock is another example, they have the iShares Ethereum Trust ETF but do not talk about ETH often or at all. Even Trump, he is very involved in crypto now. Trump never talked about ETH despite better regulations that are good for not only Ethereum but the entire crypto sector. And he obviously holds ETH too!!  This silence feels very weird, these giants have a lot invested in Ethereum, financially and infrastructurally. But they are not talking about Ethereum's potential. So.. are they focusing on the long-term, accumulating ETH under the radar before going bullish?? Or is this strategic and they are avoiding competition? They could be wary of regulatory pushback or just don't want to ruin everything. Whatever the reason it is frustrating. Ethereum is eco-friendly and has staking rewards, because of this alone it should be front-page news. This silence hints at secret reasons, and as an ETH fan I have to ask why are they not sharing ETH vocally when they have so much to gain?  Source:  * https://x.com/sassal0x/status/1935102653526417770",silence big player holding back weird well known educator investor sassal posted interesting tweet yesterday quote whole coinbase talk dumb center biggest move especially recently yet silence big player coinbase blackrock trump weird let take coinbase 137 000 run top tier staking service top created base l2 handle million transaction coinbase put serious money yet barely hype blackrock another example ishares trust etf talk often trump involved trump never talked despite better regulation good entire sector obviously hold silence feel weird giant invested financially infrastructurally talking potential focusing long term accumulating radar bullish strategic avoiding competition wary regulatory pushback want ruin everything whatever reason frustrating eco friendly staking reward alone front page silence hint secret reason fan ask sharing vocally gain source,0.8494,4.5774775273061366
ethtrader,1ldafhs,2025-06-17 01:19:15,"Truth Social, backed by President Trump seeks SEC approval for Bitcoin and Ethereum ETFs.",,Odd-Radio-8500,175,82,https://i.redd.it/buviq37o2e7f1.jpeg,https://www.reddit.com/r/ethtrader/comments/1ldafhs/truth_social_backed_by_president_trump_seeks_sec/,"Truth Social, backed by President Trump seeks SEC approval for Bitcoin and Ethereum ETFs. ",truth social backed president trump seek sec approval etf,0.6705,3.7232594016899445
ethtrader,1kxz3pv,2025-05-29 02:01:55,Ethereum bulls aim for $2.7K ahead of ETH’s $2.4B options expiry,,SigiNwanne,125,97,https://cointelegraph.com/news/ethereum-bulls-aim-for-2-7k-ahead-of-eth-s-2-4b-options-expiry,https://www.reddit.com/r/ethtrader/comments/1kxz3pv/ethereum_bulls_aim_for_27k_ahead_of_eths_24b/,Ethereum bulls aim for $2.7K ahead of ETH’s $2.4B options expiry ,bull aim 7k ahead 4b option expiry,0.0,0.0
ethtrader,1klebyl,2025-05-13 05:40:30,Rumor: Meta to Launch Stablecoins on Ethereum in 2025?! Meta Could Onboard 3.5 BILLION Users to ETH!,"Just crossed again with another [Tweet ](https://x.com/Karman_1s/status/1921963153283281408)about Meta planning to launch stablecoins on the Ethereum Network. This for now is a rumor and not confirmed but it makes total sense.  https://preview.redd.it/nhwzays2kh0f1.png?width=300&format=png&auto=webp&s=e612b59bfbbc9ea59d274f615a8ec6cb3d8295b8  Like the rumors say, Meta is planning to launch stablecoins on Ethereum network and it makes total sense because long time ago Facebook already danced with his own stablecoin called LIBRA which disappeared more or less 5 years ago, same with the Metaverse they created that it is probably dead or in the freezer xD  Well, this project 100% made Zuck learn a lot and I am 100% sure that they learned that managing their own everything is more expensive than using an already existing chain. The king of stablecoins is Ethereum network and currently developing a new stablecoin on it reduce a lot the costs and make you jump in the market fast and with a lot of security because Ethereum is very strong.  Rumors say that Meta also wants to enable stablecoin payments in their sites and we dont have to forget that Meta has a wide range of apps and that they can bring a more casual adoption type, they own Facebook, WhatsApp, Instagram, etc. Now with regulations getting more clear and easier, its their time to jump in.  Without no doubt this will be released country by country because of legislation but this will spread through the whole world and call me crazy but I am 100% sure that they will also add an own wallet like Telegram did to easier manage in one place all your apps tokens.  Future is here and as someone that got into crypto in 2021 and the narrative was ""Crypto is for criminals, its going to be banned"", WE WON, WE WERE RIGHT. KUDOS TO ALL THE SURVIVORS  Source:  * Tweet: [https://x.com/Karman\_1s/status/1921963153283281408](https://x.com/Karman_1s/status/1921963153283281408)",kirtash93,172,85,https://www.reddit.com/r/ethtrader/comments/1klebyl/rumor_meta_to_launch_stablecoins_on_ethereum_in/,https://www.reddit.com/r/ethtrader/comments/1klebyl/rumor_meta_to_launch_stablecoins_on_ethereum_in/,"Rumor: Meta to Launch Stablecoins on Ethereum in 2025?! Meta Could Onboard 3.5 BILLION Users to ETH! Just crossed again with another [Tweet ](https://x.com/Karman_1s/status/1921963153283281408)about Meta planning to launch stablecoins on the Ethereum Network. This for now is a rumor and not confirmed but it makes total sense.  https://preview.redd.it/nhwzays2kh0f1.png?width=300&format=png&auto=webp&s=e612b59bfbbc9ea59d274f615a8ec6cb3d8295b8  Like the rumors say, Meta is planning to launch stablecoins on Ethereum network and it makes total sense because long time ago Facebook already danced with his own stablecoin called LIBRA which disappeared more or less 5 years ago, same with the Metaverse they created that it is probably dead or in the freezer xD  Well, this project 100% made Zuck learn a lot and I am 100% sure that they learned that managing their own everything is more expensive than using an already existing chain. The king of stablecoins is Ethereum network and currently developing a new stablecoin on it reduce a lot the costs and make you jump in the market fast and with a lot of security because Ethereum is very strong.  Rumors say that Meta also wants to enable stablecoin payments in their sites and we dont have to forget that Meta has a wide range of apps and that they can bring a more casual adoption type, they own Facebook, WhatsApp, Instagram, etc. Now with regulations getting more clear and easier, its their time to jump in.  Without no doubt this will be released country by country because of legislation but this will spread through the whole world and call me crazy but I am 100% sure that they will also add an own wallet like Telegram did to easier manage in one place all your apps tokens.  Future is here and as someone that got into crypto in 2021 and the narrative was ""Crypto is for criminals, its going to be banned"", WE WON, WE WERE RIGHT. KUDOS TO ALL THE SURVIVORS  Source:  * Tweet: [https://x.com/Karman\_1s/status/1921963153283281408](https://x.com/Karman_1s/status/1921963153283281408)",rumor meta launch stablecoins 2025 meta onboard billion user crossed another tweet meta planning launch stablecoins rumor confirmed make total sense rumor meta planning launch stablecoins make total sense long ago facebook already danced stablecoin called libra disappeared less year ago metaverse created probably dead freezer xd well 100 zuck learn 100 sure learned managing everything expensive using already existing king stablecoins currently developing stablecoin reduce cost jump fast security strong rumor meta want enable stablecoin payment site dont forget meta wide range apps bring casual adoption type facebook whatsapp instagram etc regulation getting clear easier jump without doubt released country country legislation spread whole world call crazy 100 sure add wallet telegram easier manage place apps token future someone 2021 narrative criminal banned kudos survivor source tweet,0.9588,5.324177650022847
ethtrader,1kgku6f,2025-05-07 00:57:49,If Ethereum Captures Just 1% of Global Assets ETH Could Hit $80 000,"* Ethereum is positioned as the global settlement and security layer for the financial system - potentially transforming how assets are managed * Comparing Ethereum to traditional stores of value: Gold ($22T), M2 Money Supply ($100T), Real Estate ($700T), Stocks ($100T), and Bonds ($140T) - if ETH captures just 1% of these assets its market cap could reach $10T - valuing ETH at $80 000 * A 5% share could send ETH to $400 000 * Ethereum is still in its early stages - it has significant growth potential",InclineDumbbellPress,144,88,https://x.com/l3olanza/status/1919739132206534789,https://www.reddit.com/r/ethtrader/comments/1kgku6f/if_ethereum_captures_just_1_of_global_assets_eth/,"If Ethereum Captures Just 1% of Global Assets ETH Could Hit $80 000 * Ethereum is positioned as the global settlement and security layer for the financial system - potentially transforming how assets are managed * Comparing Ethereum to traditional stores of value: Gold ($22T), M2 Money Supply ($100T), Real Estate ($700T), Stocks ($100T), and Bonds ($140T) - if ETH captures just 1% of these assets its market cap could reach $10T - valuing ETH at $80 000 * A 5% share could send ETH to $400 000 * Ethereum is still in its early stages - it has significant growth potential",capture global asset hit 80 000 positioned global settlement security layer financial system potentially transforming asset managed comparing traditional store value gold 22t m2 money supply 100t real estate 700t stock 100t bond 140t capture asset cap reach 10t valuing 80 000 share send 400 000 early stage significant growth potential,0.9545,5.203016203928461
ethtrader,1l3r07n,2025-06-05 05:11:28,Ethereum (ETH) Remains King 👑,"Just crossed again with another Leon [Tweet ](https://x.com/LeonWaidmann/status/1930229042743259313)showing real data about how Ethereum (ETH) is still the king.  https://preview.redd.it/s9qecgu2k15f1.png?width=1706&format=png&auto=webp&s=162a31436951f0a03d978330b8a0f6410e6fe285  We are not talking about prophecy or potential now, we are sharing a fact right now. With $219 Billion in total capital secured, Ethereum is the undefeated champ of the blockchain world and this is just the beginning of its journey.  Regarding stablecoins, Ethereum dominates. Most of the world's stablecoin volume lives and flows on Ethereum ecosystem.  Apps? The biggest and baddest dApps are on Ethereum ecosystem too. For example, Uniswap, Aave, Lido, etc. All of the thriving on Ethereum.  RWAs (Real World Assets), Ethereum is also leading the charge. Tokenized treasuries, commodities and even real estate are increasingly choosing Ethereum as their home.  And this is not all, we dont have to forget the network effect. More users bring more devs. More devs bring more tools. More tools bring more use cases. The cycle keeps compounding. Ethereum is building and economic black hole sucking in value from every direction.  Furthermore, L2s like Arbitrum, Optimism and Base and sidechains like Polygon are scaling Ethereum without sacrificing decentralization. It is not just about L1 anymore, it is about the Ethereum ecosystem as a whole.  The king 👑 is secure on his throne. Long live ETH.     Source:  * Tweet: [https://x.com/LeonWaidmann/status/1930229042743259313](https://x.com/LeonWaidmann/status/1930229042743259313)",kirtash93,115,85,https://www.reddit.com/r/ethtrader/comments/1l3r07n/ethereum_eth_remains_king/,https://www.reddit.com/r/ethtrader/comments/1l3r07n/ethereum_eth_remains_king/,"Ethereum (ETH) Remains King 👑 Just crossed again with another Leon [Tweet ](https://x.com/LeonWaidmann/status/1930229042743259313)showing real data about how Ethereum (ETH) is still the king.  https://preview.redd.it/s9qecgu2k15f1.png?width=1706&format=png&auto=webp&s=162a31436951f0a03d978330b8a0f6410e6fe285  We are not talking about prophecy or potential now, we are sharing a fact right now. With $219 Billion in total capital secured, Ethereum is the undefeated champ of the blockchain world and this is just the beginning of its journey.  Regarding stablecoins, Ethereum dominates. Most of the world's stablecoin volume lives and flows on Ethereum ecosystem.  Apps? The biggest and baddest dApps are on Ethereum ecosystem too. For example, Uniswap, Aave, Lido, etc. All of the thriving on Ethereum.  RWAs (Real World Assets), Ethereum is also leading the charge. Tokenized treasuries, commodities and even real estate are increasingly choosing Ethereum as their home.  And this is not all, we dont have to forget the network effect. More users bring more devs. More devs bring more tools. More tools bring more use cases. The cycle keeps compounding. Ethereum is building and economic black hole sucking in value from every direction.  Furthermore, L2s like Arbitrum, Optimism and Base and sidechains like Polygon are scaling Ethereum without sacrificing decentralization. It is not just about L1 anymore, it is about the Ethereum ecosystem as a whole.  The king 👑 is secure on his throne. Long live ETH.     Source:  * Tweet: [https://x.com/LeonWaidmann/status/1930229042743259313](https://x.com/LeonWaidmann/status/1930229042743259313)",remains king crossed another leon tweet real data king talking prophecy potential sharing fact 219 billion total capital secured undefeated champ world beginning journey regarding stablecoins dominates world stablecoin volume life flow ecosystem apps biggest baddest dapps ecosystem example uniswap aave lido etc thriving rwas real world asset leading charge tokenized treasury commodity real estate increasingly choosing home dont forget effect user bring devs devs bring tool tool bring case cycle keep compounding building economic black hole sucking value direction furthermore l2s arbitrum optimism base sidechains polygon scaling without sacrificing decentralization l1 anymore ecosystem whole king secure throne long live source tweet,0.9654,5.119810558240232
ethtrader,1lcsc9r,2025-06-16 13:07:50,"Ethereum isn’t just ahead, it's in a league of its own: 1,695 devs vs Solana’s 533. Add Polygon & Foundry and the lead becomes untouchable. Web3 has a king","Just crossed with this Leon [Tweet ](https://x.com/LeonWaidmann/status/1934592804589801929)sharing some information regarding developers and it is crazy how far Ethereum ecosystem is.  https://preview.redd.it/uhaw7o8mfa7f1.png?width=637&format=png&auto=webp&s=2c3022737079352046bb6424252c5beacb986a2d  As you can see in the image above, Ethereum has 1,695 active developers. Really far away from the second one that is Solana with 533. This is not just a lead, this is total domination. After Solana we have Cosmos with 473. Then we have Foundry, which is part of the Ethereum ecosystem. In the ""last"" position we also have Polygon with 302 that it is also part of the Ethereum ecosystem so just do the Math, who is king of Web 3.0?   This is happening because Ethereum is the most mature L1, with the richest ecosystem and the deepest tooling. Ethereum is becoming the launchpad for everything, from deploying DeFi protocols, to NFT collections or experimenting with DAO and ZK Tech. It is the way to go. Solidity devs are everywhere and they keep being more and more.  Ethereum keeps growing and its layer 2s are also growing and exploding, showing really interesting tools, apps and ideas too.  This is is like the snowball, it keeps growing and growing and nobody will be able to stop or catch up on Ethereum ecosystem.  🅵🆄🆃🆄🆁🅴 🅸🆂 🅴🆃🅷🅴🆁🅴🆄🅼  Source:   * Tweet: [https://x.com/LeonWaidmann/status/1934592804589801929](https://x.com/LeonWaidmann/status/1934592804589801929)",kirtash93,160,70,https://www.reddit.com/r/ethtrader/comments/1lcsc9r/ethereum_isnt_just_ahead_its_in_a_league_of_its/,https://www.reddit.com/r/ethtrader/comments/1lcsc9r/ethereum_isnt_just_ahead_its_in_a_league_of_its/,"Ethereum isn’t just ahead, it's in a league of its own: 1,695 devs vs Solana’s 533. Add Polygon & Foundry and the lead becomes untouchable. Web3 has a king Just crossed with this Leon [Tweet ](https://x.com/LeonWaidmann/status/1934592804589801929)sharing some information regarding developers and it is crazy how far Ethereum ecosystem is.  https://preview.redd.it/uhaw7o8mfa7f1.png?width=637&format=png&auto=webp&s=2c3022737079352046bb6424252c5beacb986a2d  As you can see in the image above, Ethereum has 1,695 active developers. Really far away from the second one that is Solana with 533. This is not just a lead, this is total domination. After Solana we have Cosmos with 473. Then we have Foundry, which is part of the Ethereum ecosystem. In the ""last"" position we also have Polygon with 302 that it is also part of the Ethereum ecosystem so just do the Math, who is king of Web 3.0?   This is happening because Ethereum is the most mature L1, with the richest ecosystem and the deepest tooling. Ethereum is becoming the launchpad for everything, from deploying DeFi protocols, to NFT collections or experimenting with DAO and ZK Tech. It is the way to go. Solidity devs are everywhere and they keep being more and more.  Ethereum keeps growing and its layer 2s are also growing and exploding, showing really interesting tools, apps and ideas too.  This is is like the snowball, it keeps growing and growing and nobody will be able to stop or catch up on Ethereum ecosystem.  🅵🆄🆃🆄🆁🅴 🅸🆂 🅴🆃🅷🅴🆁🅴🆄🅼  Source:   * Tweet: [https://x.com/LeonWaidmann/status/1934592804589801929](https://x.com/LeonWaidmann/status/1934592804589801929)",ahead league 695 devs solana 533 add polygon foundry lead becomes untouchable web3 king crossed leon tweet information regarding developer crazy far ecosystem image 695 active developer far away second solana 533 lead total domination solana cosmos 473 foundry part ecosystem last position polygon 302 part ecosystem math king web happening mature l1 richest ecosystem deepest tooling becoming launchpad everything deploying defi protocol nft collection experimenting dao zk tech go solidity devs everywhere keep keep growing layer growing exploding showing interesting tool apps idea snowball keep growing growing nobody able stop catch ecosystem source tweet,0.8836,4.808920289017057
ethtrader,1ky6kgf,2025-05-29 09:37:31,Ethereum or DONUT? - Hardest Decision of My Life But Why Not Both?,,kirtash93,49,104,https://i.redd.it/f3wgj3m8yo3f1.png,https://www.reddit.com/r/ethtrader/comments/1ky6kgf/ethereum_or_donut_hardest_decision_of_my_life_but/,Ethereum or DONUT? - Hardest Decision of My Life But Why Not Both? ,donut hardest decision life,0.0,0.0
ethtrader,1kduzyi,2025-05-03 15:02:24,His bold move saved Ethereum.,"Back in 2017 Vitalik Buterin, the big brain behind Ethereum, saw a disaster coming. Ethereum was his dream of a smarter blockchain, and it was in trouble. A thread on Twitter by StarPlatinum talks about this insane story, showing how Vitalik's decision to switch from Proof of Work to Proof of Stake saved crypto from a $100 billion collapse. I read the thread, and I will break it down.  Ethereum's PoW system was eating up too much energy, think 70 TWh a year by 2021. That is enough to power a small country by the way. There was a tremendous spike and Vitalik knew the network could not handle it. Another major problem was miners were getting too powerful. A pie chart in the original thread shows that just one pool, Dwarfpool, controlled 47.9% of the hashrate, creating centralization. Ethereum was supposed to be free, not a repeat of the old system.  Vitalik's fix was the Merge. In September 2022, Ethereum swapped its engine mid-flight, moving to PoS. Miners hated it and a lot of people still do. Miners would lose their gigs, but Vitalik pushed through. The Merge did a lot of great things, energy use dropped 99.95%, regular users gained more control and decentralization was saved. Despite the drama with developers and miners raging, Vitalik's bet paid off. Ethereum is still here, proving sometimes the hardest path is the right one.  Twitter thread: https://x.com/StarPlatinumSOL/status/1917561892396228992",MasterpieceLoud4931,188,71,https://www.reddit.com/r/ethtrader/comments/1kduzyi/his_bold_move_saved_ethereum/,https://www.reddit.com/r/ethtrader/comments/1kduzyi/his_bold_move_saved_ethereum/,"His bold move saved Ethereum. Back in 2017 Vitalik Buterin, the big brain behind Ethereum, saw a disaster coming. Ethereum was his dream of a smarter blockchain, and it was in trouble. A thread on Twitter by StarPlatinum talks about this insane story, showing how Vitalik's decision to switch from Proof of Work to Proof of Stake saved crypto from a $100 billion collapse. I read the thread, and I will break it down.  Ethereum's PoW system was eating up too much energy, think 70 TWh a year by 2021. That is enough to power a small country by the way. There was a tremendous spike and Vitalik knew the network could not handle it. Another major problem was miners were getting too powerful. A pie chart in the original thread shows that just one pool, Dwarfpool, controlled 47.9% of the hashrate, creating centralization. Ethereum was supposed to be free, not a repeat of the old system.  Vitalik's fix was the Merge. In September 2022, Ethereum swapped its engine mid-flight, moving to PoS. Miners hated it and a lot of people still do. Miners would lose their gigs, but Vitalik pushed through. The Merge did a lot of great things, energy use dropped 99.95%, regular users gained more control and decentralization was saved. Despite the drama with developers and miners raging, Vitalik's bet paid off. Ethereum is still here, proving sometimes the hardest path is the right one.  Twitter thread: https://x.com/StarPlatinumSOL/status/1917561892396228992",bold move saved back 2017 vitalik buterin big brain behind saw disaster coming dream smarter trouble thread twitter starplatinum talk insane story showing vitalik decision switch proof work proof stake saved 100 billion collapse read thread break pow system eating energy 70 twh 2021 enough power small country tremendous spike vitalik knew handle another major problem miner getting powerful pie chart original thread show pool dwarfpool controlled 47 hashrate creating centralization supposed free repeat old system vitalik fix merge september 2022 swapped engine mid flight moving po miner hated miner lose gig vitalik pushed merge great thing energy dropped 99 95 regular user gained control decentralization saved despite drama developer miner raging vitalik bet paid proving sometimes hardest path twitter thread,0.6003,3.338077183098621
ethtrader,1l9jvxu,2025-06-12 11:18:46,Is Ethereum's current price a hidden steal or a red flag?,"Ryan Sean Adams, the co-founder of Bankless, a crypto media brand, posted a tweet a couple days ago about Ethereum's journey in a year, from 2024 to 2025. A year ago ETH was near $3,700, and now it is sitting at $2,700. Ryan says it is a 'miracle' you can still snag it under $3,000. In the tweet he pointed to big wins like zero-knowledge rollups boosting scalability, the ETH ETF approval last year, and a seemingly crypto-friendly SEC shift. These things may change Ethereum for the better, rollups cut costs by up to 90% and there will probably be a softer regulatory stance. But is this optimism justified or are we missing the bigger picture??  Are we leaning toward skepticism?? Because while Bitcoin keeps going to new highs, Ethereum's price is lagging a lot. The biggest narrative Bitcoin maxis use against Ethereum is the uncapped supply which is diluting ETH's value. Demand might not keep up with issuance, and that may leave ETH vulnerable. Ryan's points are impressive, but my concern is crypto-wide SEC changes for the worst. Still, I believe Ethereum's dominance is slightly increasing and $2,700 could mean undervaluation from last year, it is a bargain. Investors should study Ethereum, understand it. ETH is a diamond in the rough!! Time will tell if I am right.  *Ryan Adams's tweet: https://x.com/RyanSAdams/status/1932215764737540122*",MasterpieceLoud4931,73,91,https://www.reddit.com/r/ethtrader/comments/1l9jvxu/is_ethereums_current_price_a_hidden_steal_or_a/,https://www.reddit.com/r/ethtrader/comments/1l9jvxu/is_ethereums_current_price_a_hidden_steal_or_a/,"Is Ethereum's current price a hidden steal or a red flag? Ryan Sean Adams, the co-founder of Bankless, a crypto media brand, posted a tweet a couple days ago about Ethereum's journey in a year, from 2024 to 2025. A year ago ETH was near $3,700, and now it is sitting at $2,700. Ryan says it is a 'miracle' you can still snag it under $3,000. In the tweet he pointed to big wins like zero-knowledge rollups boosting scalability, the ETH ETF approval last year, and a seemingly crypto-friendly SEC shift. These things may change Ethereum for the better, rollups cut costs by up to 90% and there will probably be a softer regulatory stance. But is this optimism justified or are we missing the bigger picture??  Are we leaning toward skepticism?? Because while Bitcoin keeps going to new highs, Ethereum's price is lagging a lot. The biggest narrative Bitcoin maxis use against Ethereum is the uncapped supply which is diluting ETH's value. Demand might not keep up with issuance, and that may leave ETH vulnerable. Ryan's points are impressive, but my concern is crypto-wide SEC changes for the worst. Still, I believe Ethereum's dominance is slightly increasing and $2,700 could mean undervaluation from last year, it is a bargain. Investors should study Ethereum, understand it. ETH is a diamond in the rough!! Time will tell if I am right.  *Ryan Adams's tweet: https://x.com/RyanSAdams/status/1932215764737540122*",current hidden steal red flag ryan sean adam co founder bankless medium brand posted tweet couple day ago journey 2024 2025 ago near 700 sitting 700 ryan say miracle snag 000 tweet pointed big win zero knowledge rollups boosting scalability etf approval last seemingly friendly sec shift thing change better rollups cut cost 90 probably softer regulatory stance optimism justified missing bigger picture leaning toward skepticism keep high lagging biggest narrative maxi uncapped supply diluting value demand might keep issuance leave vulnerable ryan point impressive concern wide sec change worst believe dominance slightly increasing 700 mean undervaluation last bargain investor study understand diamond rough tell ryan adam tweet,0.9571,4.886900413070245
ethtrader,1kfxzvy,2025-05-06 06:43:24,Ethereum Guys Eating a Fruit When ETH Hits $10K,,kirtash93,152,79,https://v.redd.it/h97pmvo6y3ze1,https://www.reddit.com/r/ethtrader/comments/1kfxzvy/ethereum_guys_eating_a_fruit_when_eth_hits_10k/,Ethereum Guys Eating a Fruit When ETH Hits $10K ,guy eating fruit hit 10k,0.0,0.0
ethtrader,1ku3civ,2025-05-24 04:37:41,"Ethereum on Cusp of a Massive Move, According to Crypto Trader – Here Are His Targets",,SigiNwanne,90,90,https://dailyhodl.com/2025/05/23/ethereum-on-cusp-of-a-massive-move-according-to-crypto-trader-here-are-his-targets/,https://www.reddit.com/r/ethtrader/comments/1ku3civ/ethereum_on_cusp_of_a_massive_move_according_to/,"Ethereum on Cusp of a Massive Move, According to Crypto Trader – Here Are His Targets ",cusp massive move according trader target,0.0,0.0
ethtrader,1l32cnp,2025-06-04 10:43:57,Today is Ethereum's big day on Capitol Hill.,"I recently made a post about today's hearing, called 'American Innovation and the Future of Digital Assets' and how Ethereum will be discussed in that same US House Financial Services Committee hearing. A few hours ago Etherealize posted on Twitter their written testimony for the hearing. Etherealize basically called Ethereum the gold standard for decentralized smart contract platforms. They say that Ethereum has been around for 10 years with no single entity controlling it, making it highly secure and resilient, unlike centralized systems that can crash if one part fails. They also say regulatory clarity, like the new CLARITY Act, could bring 100x more users, assets, and apps to the space by clearing up the messy oversight between agencies like the SEC and CFTC.  Decentralization should not be just a fancy word, it should be about real security and uptime, which Ethereum has absolutely. Etherealize's full statement goes even deeper, mentioning how Ethereum's tech like Distributed Validator Technology increases validator security and network resilience. They are set to give oral testimony today, and I am pumped to see how it goes!! This could be a turning point for crypto in the United States. Let's go!!  Resources:  * https://x.com/Etherealize_io/status/1930065464111124893 * https://docs.house.gov/meetings/BA/BA00/20250604/118320/HHRG-119-BA00-Wstate-RamanV-20250604.pdf",MasterpieceLoud4931,233,55,https://www.reddit.com/r/ethtrader/comments/1l32cnp/today_is_ethereums_big_day_on_capitol_hill/,https://www.reddit.com/r/ethtrader/comments/1l32cnp/today_is_ethereums_big_day_on_capitol_hill/,"Today is Ethereum's big day on Capitol Hill. I recently made a post about today's hearing, called 'American Innovation and the Future of Digital Assets' and how Ethereum will be discussed in that same US House Financial Services Committee hearing. A few hours ago Etherealize posted on Twitter their written testimony for the hearing. Etherealize basically called Ethereum the gold standard for decentralized smart contract platforms. They say that Ethereum has been around for 10 years with no single entity controlling it, making it highly secure and resilient, unlike centralized systems that can crash if one part fails. They also say regulatory clarity, like the new CLARITY Act, could bring 100x more users, assets, and apps to the space by clearing up the messy oversight between agencies like the SEC and CFTC.  Decentralization should not be just a fancy word, it should be about real security and uptime, which Ethereum has absolutely. Etherealize's full statement goes even deeper, mentioning how Ethereum's tech like Distributed Validator Technology increases validator security and network resilience. They are set to give oral testimony today, and I am pumped to see how it goes!! This could be a turning point for crypto in the United States. Let's go!!  Resources:  * https://x.com/Etherealize_io/status/1930065464111124893 * https://docs.house.gov/meetings/BA/BA00/20250604/118320/HHRG-119-BA00-Wstate-RamanV-20250604.pdf",big capitol hill recently post hearing called american innovation future digital asset discussed house financial service committee hearing hour ago etherealize posted twitter written testimony hearing etherealize basically called gold standard decentralized around 10 year single entity controlling making highly secure resilient unlike centralized system crash part fails regulatory clarity clarity act bring 100x user asset apps space clearing messy oversight agency sec cftc decentralization fancy word real security uptime absolutely etherealize full statement go deeper mentioning tech distributed validator technology increase validator security resilience set give oral testimony pumped go turning point united state let go resource,0.9392,5.321907945475196
ethtrader,1kwfra8,2025-05-27 05:48:10,"Whale buys 30,000 ETH ($75.6M) in one shot: Last time this happened, ETH 2x'd in 2 weeks. Same wallet, same setup. Just a lucky repeat or do they know something we don't?","Just crossed with this [Tweet ](https://x.com/NahuelCripto/status/1927003253910167614)talking about a whale buying but it is not about any whale, this one is different.  https://preview.redd.it/xfpumviai93f1.png?width=988&format=png&auto=webp&s=073253b4d2370122ed0fab2c024d983565104ddc  According to the Tweet and the screenshot above a whale just made a big move buying 30,000 ETH with $75.6 million in a single transaction!  This is just a regular whale move or whale games like we use to call but this is not everything. The last time this exact same whale made a move like this Ethereum doubled in price within two weeks!  Yes, you read that right, same wallet, same volume and mostly similar market conditions. Back then people ignored the signs and two weeks later ETH exploded and that whale walked away with tens of millions in unrealized gains before most retail traders even noticed.  So the real question is:  * Does this whale know something we don't? * Is this just another lucky bet... or the start of a repeat cycle?  Ethereum is currently dancing in a really cheap price while developments and the project adoption keeps exponentially growing. As you know whales typically move ahead of the crowd and this could be the ultimate signal or the best head fake we have seen in months xD  What’s your take?   Is history about to repeat itself, or are we about to get baited?  Source:  * Tweet: [https://x.com/NahuelCripto/status/1927003253910167614](https://x.com/NahuelCripto/status/1927003253910167614)",kirtash93,949,213,https://www.reddit.com/r/ethtrader/comments/1kwfra8/whale_buys_30000_eth_756m_in_one_shot_last_time/,https://www.reddit.com/r/ethtrader/comments/1kwfra8/whale_buys_30000_eth_756m_in_one_shot_last_time/,"Whale buys 30,000 ETH ($75.6M) in one shot: Last time this happened, ETH 2x'd in 2 weeks. Same wallet, same setup. Just a lucky repeat or do they know something we don't? Just crossed with this [Tweet ](https://x.com/NahuelCripto/status/1927003253910167614)talking about a whale buying but it is not about any whale, this one is different.  https://preview.redd.it/xfpumviai93f1.png?width=988&format=png&auto=webp&s=073253b4d2370122ed0fab2c024d983565104ddc  According to the Tweet and the screenshot above a whale just made a big move buying 30,000 ETH with $75.6 million in a single transaction!  This is just a regular whale move or whale games like we use to call but this is not everything. The last time this exact same whale made a move like this Ethereum doubled in price within two weeks!  Yes, you read that right, same wallet, same volume and mostly similar market conditions. Back then people ignored the signs and two weeks later ETH exploded and that whale walked away with tens of millions in unrealized gains before most retail traders even noticed.  So the real question is:  * Does this whale know something we don't? * Is this just another lucky bet... or the start of a repeat cycle?  Ethereum is currently dancing in a really cheap price while developments and the project adoption keeps exponentially growing. As you know whales typically move ahead of the crowd and this could be the ultimate signal or the best head fake we have seen in months xD  What’s your take?   Is history about to repeat itself, or are we about to get baited?  Source:  * Tweet: [https://x.com/NahuelCripto/status/1927003253910167614](https://x.com/NahuelCripto/status/1927003253910167614)",whale buy 30 000 75 6m shot last happened 2x week wallet setup lucky repeat crossed tweet whale buying whale different according tweet screenshot whale big move buying 30 000 75 million single transaction regular whale move whale game call everything last exact whale move doubled within two week yes read wallet volume mostly similar condition back ignored sign two week later exploded whale walked away ten million unrealized gain retail trader noticed real question whale another lucky bet start repeat cycle currently dancing cheap development adoption keep exponentially growing whale typically move ahead crowd ultimate signal best head fake seen month xd take history repeat baited source tweet,0.9432,6.657820689455605
ethtrader,1khxvqx,2025-05-08 18:47:26,ETH hits $2000                        Me who bought at $4300 :,,Wonderful_Bad6531,2237,85,https://v.redd.it/e1ewx8w7tlze1,https://www.reddit.com/r/ethtrader/comments/1khxvqx/eth_hits_2000_me_who_bought_at_4300/,ETH hits $2000                        Me who bought at $4300 : ,hit 2000 bought 4300,0.0,0.0
ethtrader,1la7li3,2025-06-13 05:00:26,"Finally ETH Pumps! Hey, where you think you're going...",,kirtash93,875,181,https://i.redd.it/8q6n684hmm6f1.png,https://www.reddit.com/r/ethtrader/comments/1la7li3/finally_eth_pumps_hey_where_you_think_youre_going/,"Finally ETH Pumps! Hey, where you think you're going... ",finally pump hey,0.0,0.0
ethtrader,1ky59am,2025-05-29 08:07:53,"BlackRock buys 19,813 ETH worth $52.7 million.",,Odd-Radio-8500,844,136,https://i.redd.it/6yv4uui9io3f1.jpeg,https://www.reddit.com/r/ethtrader/comments/1ky59am/blackrock_buys_19813_eth_worth_527_million/,"BlackRock buys 19,813 ETH worth $52.7 million. ",blackrock buy 19 813 worth 52 million,0.2263,1.5588839475996417
ethtrader,1kfdj3n,2025-05-05 14:51:19,Buying ETH Now Is Like Buying Bitcoin at $4000,* Buying ETH now is compared to buying BTC at $4000 - as there is significant growth potential based on Bitcoins past performance * BTC went from $4000 in 2019 to over $60 000 by 2021 * Ethereum leads in Real World Assets and stablecoins - it has over 70% of tokenized assets on its network - driven by institutional adoption and Layer 2s * Ethereum is seeing record high institutional interest * A major Ethereum upgrade on May 7 2025 will introduce the largest number of Ethereum Improvement Proposals to date - improving scalability - fees - and user experience,InclineDumbbellPress,453,204,https://x.com/TedPillows/status/1919353538896957787,https://www.reddit.com/r/ethtrader/comments/1kfdj3n/buying_eth_now_is_like_buying_bitcoin_at_4000/,Buying ETH Now Is Like Buying Bitcoin at $4000 * Buying ETH now is compared to buying BTC at $4000 - as there is significant growth potential based on Bitcoins past performance * BTC went from $4000 in 2019 to over $60 000 by 2021 * Ethereum leads in Real World Assets and stablecoins - it has over 70% of tokenized assets on its network - driven by institutional adoption and Layer 2s * Ethereum is seeing record high institutional interest * A major Ethereum upgrade on May 7 2025 will introduce the largest number of Ethereum Improvement Proposals to date - improving scalability - fees - and user experience,buying buying 4000 buying compared buying 4000 significant growth potential based bitcoins past performance went 4000 2019 60 000 2021 lead real world asset stablecoins 70 tokenized asset driven institutional adoption layer seeing record high institutional interest major upgrade 2025 introduce largest number improvement proposal date improving scalability fee user experience,0.9477,6.149819513417003
ethtrader,1kideii,2025-05-09 08:21:28,When ETH hits $2300 but i remember that i bought at $4300,,Wonderful_Bad6531,1227,55,https://v.redd.it/b34dyxggupze1,https://www.reddit.com/r/ethtrader/comments/1kideii/when_eth_hits_2300_but_i_remember_that_i_bought/,When ETH hits $2300 but i remember that i bought at $4300 ,hit 2300 remember bought 4300,0.0,0.0
ethtrader,1kxdgdk,2025-05-28 10:15:18,Is ETH ready to skyrocket to $10k?,"I found a thread on Twitter posted by 'AltCryptoGems' and at first it seemed like just another hopium post like the others, but there is an element of truth here. They are calling 2025 the year of Ethereum, predicting a massive rally to $10k. Yes, yes.. it sounds crazy, but bear with me, their reasoning makes sense. Ethereum has been kind of a letdown since 2021 even with Bitcoin going to $100k and ETH ETFs getting approved. Network activity has been lower than usual, partly because of competition from other L1s and Sui and even L2s have made gas fees so cheap that ETH burns are not happening much.  In addition to this Bitcoin's dominance has been very high, leaving ETH struggling to hit a new ATH. But that is changing this year, everything is changing. BlackRock has been meeting with the SEC about ETH staking and tokenization, and Ethereum dominates with around 60% of RWA total value locked. We had the Pectra upgrade recently which was huge and great for the price, and Vitalik is planning more upgrades to make Ethereum the biggest global settlement layer. As for stablecoins, Ethereum is handling over $122 billion in stablecoin supply, more than Visa last year. The US is working on the GENIUS Act, which will be great for stablecoin growth. So Ethereum is poised to win.  We should be very optimistic. If these catalysts hit, Ethereum could give us a massive altcoin rally.  Resources:  * https://x.com/AltCryptoGems/status/1927421032232522145 * https://defillama.com/stablecoins/Ethereum * https://app.rwa.xyz/",MasterpieceLoud4931,249,165,https://www.reddit.com/r/ethtrader/comments/1kxdgdk/is_eth_ready_to_skyrocket_to_10k/,https://www.reddit.com/r/ethtrader/comments/1kxdgdk/is_eth_ready_to_skyrocket_to_10k/,"Is ETH ready to skyrocket to $10k? I found a thread on Twitter posted by 'AltCryptoGems' and at first it seemed like just another hopium post like the others, but there is an element of truth here. They are calling 2025 the year of Ethereum, predicting a massive rally to $10k. Yes, yes.. it sounds crazy, but bear with me, their reasoning makes sense. Ethereum has been kind of a letdown since 2021 even with Bitcoin going to $100k and ETH ETFs getting approved. Network activity has been lower than usual, partly because of competition from other L1s and Sui and even L2s have made gas fees so cheap that ETH burns are not happening much.  In addition to this Bitcoin's dominance has been very high, leaving ETH struggling to hit a new ATH. But that is changing this year, everything is changing. BlackRock has been meeting with the SEC about ETH staking and tokenization, and Ethereum dominates with around 60% of RWA total value locked. We had the Pectra upgrade recently which was huge and great for the price, and Vitalik is planning more upgrades to make Ethereum the biggest global settlement layer. As for stablecoins, Ethereum is handling over $122 billion in stablecoin supply, more than Visa last year. The US is working on the GENIUS Act, which will be great for stablecoin growth. So Ethereum is poised to win.  We should be very optimistic. If these catalysts hit, Ethereum could give us a massive altcoin rally.  Resources:  * https://x.com/AltCryptoGems/status/1927421032232522145 * https://defillama.com/stablecoins/Ethereum * https://app.rwa.xyz/",ready skyrocket 10k found thread twitter posted altcryptogems first seemed another hopium post others element truth calling 2025 predicting massive rally 10k yes yes sound crazy bear reasoning make sense kind letdown 2021 100k etf getting approved activity lower usual partly competition l1s sui l2s gas fee cheap burn happening addition dominance high leaving struggling hit ath changing everything changing blackrock meeting sec staking tokenization dominates around 60 rwa total value locked pectra upgrade recently huge great vitalik planning upgrade biggest global settlement layer stablecoins handling 122 billion stablecoin supply visa last working genius act great stablecoin growth poised win optimistic catalyst hit give massive altcoin rally resource,0.986,5.943882620947468
ethtrader,1kcu3oe,2025-05-02 06:16:11,Grayscale keep buying ETH. It’s time for ETH to bounce back to $2k,,Creative_Ad7831,338,138,https://i.redd.it/tibgs22q9bye1.jpeg,https://www.reddit.com/r/ethtrader/comments/1kcu3oe/grayscale_keep_buying_eth_its_time_for_eth_to/,Grayscale keep buying ETH. It’s time for ETH to bounce back to $2k ,grayscale keep buying bounce back 2k,0.0,0.0
ethtrader,1l6zb7d,2025-06-09 08:16:47,"Everyone is ignoring ETH, that might be a huge mistake.","DCinvestor made a bold prediction on Twitter: ETH could go to $10,000 or more this year thanks to big players like businesses, governments, and Wall Street jumping in. He compares it to Bitcoin's boom in 2017, where retail hype turned into institutional inflows. I cannot help but wonder if he is onto something..  There has been a lot of hype around ETH lately, for example like Larry Fink from BlackRock hinting at on-chain securities and talks about national crypto reserves in different countries, mainly the US (already happening). It is crazy to think the 'degens' might be out of the game, sidelined by misinformation. I read somewhere that retail interest dropped 30% last year because of these psyops, leaving the door open for rich people with deep pockets who do not care about old Twitter beefs.  To be completely honest ETH's price has been boring lately, but its fundamentals are still strong, never forget that. If institutions really put trillions in, then $10k could happen. I am both skeptical and excited, maybe it is time to keep an eye on this sleeping titan guys. Those who do not know the difference between Ethereum and the other blockchains are the ones who will end up buying ETH at the top.  Source:  * https://x.com/iamDCinvestor/status/1930199342759195018",MasterpieceLoud4931,263,135,https://www.reddit.com/r/ethtrader/comments/1l6zb7d/everyone_is_ignoring_eth_that_might_be_a_huge/,https://www.reddit.com/r/ethtrader/comments/1l6zb7d/everyone_is_ignoring_eth_that_might_be_a_huge/,"Everyone is ignoring ETH, that might be a huge mistake. DCinvestor made a bold prediction on Twitter: ETH could go to $10,000 or more this year thanks to big players like businesses, governments, and Wall Street jumping in. He compares it to Bitcoin's boom in 2017, where retail hype turned into institutional inflows. I cannot help but wonder if he is onto something..  There has been a lot of hype around ETH lately, for example like Larry Fink from BlackRock hinting at on-chain securities and talks about national crypto reserves in different countries, mainly the US (already happening). It is crazy to think the 'degens' might be out of the game, sidelined by misinformation. I read somewhere that retail interest dropped 30% last year because of these psyops, leaving the door open for rich people with deep pockets who do not care about old Twitter beefs.  To be completely honest ETH's price has been boring lately, but its fundamentals are still strong, never forget that. If institutions really put trillions in, then $10k could happen. I am both skeptical and excited, maybe it is time to keep an eye on this sleeping titan guys. Those who do not know the difference between Ethereum and the other blockchains are the ones who will end up buying ETH at the top.  Source:  * https://x.com/iamDCinvestor/status/1930199342759195018",ignoring might huge mistake dcinvestor bold prediction twitter go 10 000 thanks big player business government wall street jumping compare boom 2017 retail hype turned institutional inflow help wonder onto hype around lately example larry fink blackrock hinting security talk national reserve different country mainly already happening crazy degens might game sidelined misinformation read somewhere retail interest dropped 30 last psyop leaving door open rich deep pocket care old twitter beef completely honest boring lately fundamental strong never forget institution put trillion 10k happen skeptical excited maybe keep eye sleeping titan guy difference blockchains one end buying top source,0.9627,5.7655731560398715
ethtrader,1ktu5fj,2025-05-23 20:47:42,"Eric Trump, me and the boys when ETH hits $5000 this year",,kirtash93,174,168,https://v.redd.it/3rs2re3bgl2f1,https://www.reddit.com/r/ethtrader/comments/1ktu5fj/eric_trump_me_and_the_boys_when_eth_hits_5000/,"Eric Trump, me and the boys when ETH hits $5000 this year ",eric trump boy hit 5000,0.0,0.0
ethtrader,1kt93f2,2025-05-23 02:50:36,"The sign that ETH will hit $6,9k:",,Creative_Ad7831,560,71,https://i.redd.it/zv3ltan64g2f1.jpeg,https://www.reddit.com/r/ethtrader/comments/1kt93f2/the_sign_that_eth_will_hit_69k/,"The sign that ETH will hit $6,9k: ",sign hit 9k,0.0,0.0
ethtrader,1leiqa5,2025-06-18 14:36:03,"ETH $15K and DONUT $10 Soon, They Said",,kirtash93,242,123,https://i.redd.it/n4qolmgp5p7f1.png,https://www.reddit.com/r/ethtrader/comments/1leiqa5/eth_15k_and_donut_10_soon_they_said/,"ETH $15K and DONUT $10 Soon, They Said ",15k donut 10 soon,0.0,0.0
ethtrader,1kjrmtn,2025-05-11 03:27:32,ETH is on steroids,,Creative_Ad7831,522,70,https://i.redd.it/oq5c263un20f1.jpeg,https://www.reddit.com/r/ethtrader/comments/1kjrmtn/eth_is_on_steroids/,ETH is on steroids ,steroid,0.0,0.0
ethtrader,1lfr8mq,2025-06-20 01:04:28,"BlackRock, the world's largest asset manager, made a significant purchase of ETH worth of $750 million in June without selling any of it",,Creative_Ad7831,368,79,https://i.redd.it/o0q95xtrez7f1.jpeg,https://www.reddit.com/r/ethtrader/comments/1lfr8mq/blackrock_the_worlds_largest_asset_manager_made_a/,"BlackRock, the world's largest asset manager, made a significant purchase of ETH worth of $750 million in June without selling any of it ",blackrock world largest asset manager significant purchase worth 750 million june without selling,0.6369,3.888142809725104
ethtrader,1laufu1,2025-06-13 23:33:59,"ETH Is Mispriced ‘Digital Oil’ That Could Hit $80,000, New Report Argues",,ImDoubleB,235,109,https://thedefiant.io/news/blockchains/the-bull-case-for-eth-ethereum-community-report?utm_source=X&utm_medium=Organic_Social,https://www.reddit.com/r/ethtrader/comments/1laufu1/eth_is_mispriced_digital_oil_that_could_hit_80000/,"ETH Is Mispriced ‘Digital Oil’ That Could Hit $80,000, New Report Argues ",mispriced digital oil hit 80 000 report argues,-0.3818,-2.231065258422573
ethtrader,1kso9eh,2025-05-22 11:25:10,Waiting for ETH to hit $5k,,Creative_Ad7831,456,62,https://v.redd.it/z1iowvl2jb2f1,https://www.reddit.com/r/ethtrader/comments/1kso9eh/waiting_for_eth_to_hit_5k/,Waiting for ETH to hit $5k ,waiting hit 5k,0.0,0.0
ethtrader,1l0ti3b,2025-06-01 16:42:49,Eth on its way to break 3k,,Wonderful_Bad6531,546,50,https://v.redd.it/dsrfd7bvgc4f1,https://www.reddit.com/r/ethtrader/comments/1l0ti3b/eth_on_its_way_to_break_3k/,Eth on its way to break 3k ,break 3k,0.0,0.0
ethtrader,1kic2ed,2025-05-09 06:43:46,ETH to melt hater faces,"As title says, we are about to go parabolic with Ethereum vs Bitcoin ratio.  Too long has the bitcoin mafia been slandering us, too long have they been spouting fake news. It’s been nearly a decade they’ve tried to kill us and failed.  Here we are. Still thriving, still coding, still Ethereans!  All the ETH killers, all the attempts to double spend and 51% attack us during PoW, the attempts to undermine and destroy our transition from PoW to PoS through split PoW chains and convincing people not to adopt the PoS chain. They failed.  ADA tried to kill us, they killed themselves TRON tried to overtake us, they are now supplementing us. XLM tried to replace us, they’re replaced LUNA tried to out moon us, they crashed and disintegrated.  Now soLUNA has tried to come for our community! The community continues to soldier on!   Sui thinks its flow of VC funds are swimming, but they will soon dry out like the desert!  Pectra. Is. Here.  Smart wallets that now allow people to bypass YouTube, Twitch, OF subscriptions fees.   Social media influencers are now able to fully receive all their revenue! And it’s time we got them on OUR side. The only crypto smart wallet that will benefit them! Let them know, let them share, let them EARN! Tell them to adopt the Ethereum Smart Wallet. So that your donations go towards their channels and content! Not middlemen! All on Ethereum MAINNET with super low fees.   Other alts all do not have this one defining factor. The smart wallets.  Inheritance? Trust fund? All Ethereum SMART wallet!  Also, if people don’t already know, for us to have an alt season, ETH needs to first rally. BTC dominance drops and we moon! Fight the BTC maxi, they are afraid, their shorts will BURN them ALIVE. They will melt they will cry and they will feel PAIN.   Do Not Play Nice! They never did.  Destroy their shorts and buy SPOT. Take it out to your Ethereum Smart Wallet.  BTC ratio needs to drop in order for us to go up, there is no alternative. Let’s get to work!    ",OzGaymer,251,100,https://www.reddit.com/r/ethtrader/comments/1kic2ed/eth_to_melt_hater_faces/,https://www.reddit.com/r/ethtrader/comments/1kic2ed/eth_to_melt_hater_faces/,"ETH to melt hater faces As title says, we are about to go parabolic with Ethereum vs Bitcoin ratio.  Too long has the bitcoin mafia been slandering us, too long have they been spouting fake news. It’s been nearly a decade they’ve tried to kill us and failed.  Here we are. Still thriving, still coding, still Ethereans!  All the ETH killers, all the attempts to double spend and 51% attack us during PoW, the attempts to undermine and destroy our transition from PoW to PoS through split PoW chains and convincing people not to adopt the PoS chain. They failed.  ADA tried to kill us, they killed themselves TRON tried to overtake us, they are now supplementing us. XLM tried to replace us, they’re replaced LUNA tried to out moon us, they crashed and disintegrated.  Now soLUNA has tried to come for our community! The community continues to soldier on!   Sui thinks its flow of VC funds are swimming, but they will soon dry out like the desert!  Pectra. Is. Here.  Smart wallets that now allow people to bypass YouTube, Twitch, OF subscriptions fees.   Social media influencers are now able to fully receive all their revenue! And it’s time we got them on OUR side. The only crypto smart wallet that will benefit them! Let them know, let them share, let them EARN! Tell them to adopt the Ethereum Smart Wallet. So that your donations go towards their channels and content! Not middlemen! All on Ethereum MAINNET with super low fees.   Other alts all do not have this one defining factor. The smart wallets.  Inheritance? Trust fund? All Ethereum SMART wallet!  Also, if people don’t already know, for us to have an alt season, ETH needs to first rally. BTC dominance drops and we moon! Fight the BTC maxi, they are afraid, their shorts will BURN them ALIVE. They will melt they will cry and they will feel PAIN.   Do Not Play Nice! They never did.  Destroy their shorts and buy SPOT. Take it out to your Ethereum Smart Wallet.  BTC ratio needs to drop in order for us to go up, there is no alternative. Let’s get to work!    ",melt hater face title say go parabolic ratio long mafia slandering long spouting fake nearly decade tried kill failed thriving coding ethereans killer attempt double spend 51 attack pow attempt undermine destroy transition pow po split pow chain convincing adopt po failed ada tried kill killed tron tried overtake supplementing xlm tried replace replaced luna tried moon crashed disintegrated soluna tried come community community continues soldier sui think flow vc fund swimming soon dry desert pectra wallet allow bypass youtube twitch subscription fee social medium influencers able fully receive revenue side wallet benefit let let share let earn tell adopt wallet donation go towards channel content middleman mainnet super low fee alt defining factor wallet inheritance trust fund wallet already alt season need first rally dominance drop moon fight maxi afraid short burn alive melt cry feel pain play nice never destroy short buy spot take wallet ratio need drop order go alternative let work,-0.9863,-5.783299428492403
ethtrader,1lc4w94,2025-06-15 16:47:59,ETH Holders looking for profit,,Creative_Ad7831,359,65,https://i.redd.it/ghsulkuje47f1.jpeg,https://www.reddit.com/r/ethtrader/comments/1lc4w94/eth_holders_looking_for_profit/,ETH Holders looking for profit ,holder looking profit,0.4404,2.6653400699943135
CryptoCurrency,1kgpuz5,2025-05-07 05:36:33,"The Biggest Ethereum (ETH) Upgrade Since The Merge Is Coming, And This Time, You Will Feel It",,kirtash93,774,325,https://www.reddit.com/gallery/1kgpuz5,https://www.reddit.com/r/CryptoCurrency/comments/1kgpuz5/the_biggest_ethereum_eth_upgrade_since_the_merge/,"The Biggest Ethereum (ETH) Upgrade Since The Merge Is Coming, And This Time, You Will Feel It ",biggest upgrade merge coming feel,0.0,0.0
CryptoCurrency,1kj3ups,2025-05-10 06:34:24,"Ethereum Explodes 25% Higher To $2,400, Notches Largest 1-Day Gain In 4 Years",,KIG45,1090,158,https://www.benzinga.com/markets/cryptocurrency/25/05/45314930/ethereum-explodes-higher-largest-gain-in-four-years,https://www.reddit.com/r/CryptoCurrency/comments/1kj3ups/ethereum_explodes_25_higher_to_2400_notches/,"Ethereum Explodes 25% Higher To $2,400, Notches Largest 1-Day Gain In 4 Years ",explodes 25 higher 400 notch largest gain year,0.5267,3.7554228852831413
CryptoCurrency,1kls0by,2025-05-13 17:32:22,"Ethereum smashes through $2,600 barrier",,hiorea,892,173,https://www.cointrackdaily.com/ethereum-smashes-through-2600-barrier/,https://www.reddit.com/r/CryptoCurrency/comments/1kls0by/ethereum_smashes_through_2600_barrier/,"Ethereum smashes through $2,600 barrier ",smash 600 barrier,-0.128,-0.8923735814049011
CryptoCurrency,1l83c76,2025-06-10 16:33:38,"ETH Surges 8%: 'You Haven't Seen What Ethereum Is Capable Of In This Cycle,' Analyst Warns",,KIG45,558,143,https://www.benzinga.com/crypto/cryptocurrency/25/06/45860625/eth-surges-8-you-havent-seen-what-ethereum-is-capable-of-in-this-cycle-analyst-warns?utm_source=coingecko&amp;utm_campaign=partner_feed&amp;utm_medium=partner_feed&amp;utm_content=site,https://www.reddit.com/r/CryptoCurrency/comments/1l83c76/eth_surges_8_you_havent_seen_what_ethereum_is/,"ETH Surges 8%: 'You Haven't Seen What Ethereum Is Capable Of In This Cycle,' Analyst Warns ",surge seen capable cycle analyst warns,0.296,1.9399642875916399
CryptoCurrency,1kojdyl,2025-05-17 03:22:57,Ethereum gas fees drop to just $0.09.,,Odd-Radio-8500,490,124,https://i.redd.it/f85njxhhg91f1.jpeg,https://www.reddit.com/r/CryptoCurrency/comments/1kojdyl/ethereum_gas_fees_drop_to_just_009/,Ethereum gas fees drop to just $0.09. ,gas fee drop 09,-0.2732,-1.7543872035647405
CryptoCurrency,1kyek01,2025-05-29 16:02:39,BlackRock buys $430M in Bitcoin $52.8 million worth of Ethereum,"  **Key Points:**  * **BlackRock leads Bitcoin ETF inflows**: BlackRock's iShares Bitcoin Trust (IBIT) added $430.8 million in inflows on May 23, its eighth consecutive day of positive flows. * **Record-breaking ETF inflows**: U.S. Bitcoin ETFs recorded $2.75 billion in inflows, the highest weekly figure in over a month, with total inflows nearing $5.39 billion for the month of May. * **Ethereum also sees institutional demand**: BlackRock purchased $52.8 million worth of Ethereum, signaling growing anticipation for spot Ethereum ETF approvals. * **Market sentiment cools**: Despite record inflows, the Crypto Fear & Greed Index fell from 78 to 66, reflecting increased profit-taking and caution as Bitcoin hovers near uncharted territory.",CriticalCobraz,589,88,https://themarketperiodical.com/2025/05/26/blackrock-buys-430m-in-bitcoin-as-etf-inflows-top-2-75b/,https://www.reddit.com/r/CryptoCurrency/comments/1kyek01/blackrock_buys_430m_in_bitcoin_528_million_worth/,"BlackRock buys $430M in Bitcoin $52.8 million worth of Ethereum   **Key Points:**  * **BlackRock leads Bitcoin ETF inflows**: BlackRock's iShares Bitcoin Trust (IBIT) added $430.8 million in inflows on May 23, its eighth consecutive day of positive flows. * **Record-breaking ETF inflows**: U.S. Bitcoin ETFs recorded $2.75 billion in inflows, the highest weekly figure in over a month, with total inflows nearing $5.39 billion for the month of May. * **Ethereum also sees institutional demand**: BlackRock purchased $52.8 million worth of Ethereum, signaling growing anticipation for spot Ethereum ETF approvals. * **Market sentiment cools**: Despite record inflows, the Crypto Fear & Greed Index fell from 78 to 66, reflecting increased profit-taking and caution as Bitcoin hovers near uncharted territory.",blackrock buy 430m 52 million worth key point blackrock lead etf inflow blackrock ishares trust ibit added 430 million inflow 23 eighth consecutive positive flow record breaking etf inflow etf recorded 75 billion inflow highest weekly figure total inflow nearing 39 billion see institutional demand blackrock purchased 52 million worth signaling growing anticipation spot etf approval sentiment cool despite record inflow fear greed index fell 78 66 reflecting increased profit taking caution hovers near uncharted territory,0.9619,6.270767776269866
CryptoCurrency,1kdgxe0,2025-05-03 01:04:17,Ethereum,"I'm ngl Ethereum was the one crypto I capitulated on, I'm interested to hear if other people have done the same. When prices were at the lows I had no dry powder left so I was just selling my ETH to buy coins I actually believe in, definitely paying off so far.  I think Ethereums main issue is competition, nothing has outdone Bitcoin or even come closer, Ethereum I'd abit different, the competition is making it hard to validate holding ETH even LST.  Saying all this I'm not bearish on ETH, I think there are alot of potential that could rocket the price, especially now it feels like ETH has something around the corner but for now I think people are seeing how more options are out there now, each with their own pros and cons",andys811,90,230,https://www.reddit.com/r/CryptoCurrency/comments/1kdgxe0/ethereum/,https://www.reddit.com/r/CryptoCurrency/comments/1kdgxe0/ethereum/,"Ethereum I'm ngl Ethereum was the one crypto I capitulated on, I'm interested to hear if other people have done the same. When prices were at the lows I had no dry powder left so I was just selling my ETH to buy coins I actually believe in, definitely paying off so far.  I think Ethereums main issue is competition, nothing has outdone Bitcoin or even come closer, Ethereum I'd abit different, the competition is making it hard to validate holding ETH even LST.  Saying all this I'm not bearish on ETH, I think there are alot of potential that could rocket the price, especially now it feels like ETH has something around the corner but for now I think people are seeing how more options are out there now, each with their own pros and cons",ngl capitulated interested hear done price low dry powder left selling buy coin actually believe definitely paying far ethereums main issue competition nothing outdone come closer abit different competition making hard validate holding lst saying bearish alot potential rocket especially feel around corner seeing option pro con,0.6597,3.807419708928871
CryptoCurrency,1llx7w9,2025-06-27 15:46:04,ETH holders in 2025,,002_timmy,3191,146,https://i.redd.it/n4vezpjdqh9f1.png,https://www.reddit.com/r/CryptoCurrency/comments/1llx7w9/eth_holders_in_2025/,ETH holders in 2025 ,holder 2025,0.0,0.0
CryptoCurrency,1ki0qv9,2025-05-08 20:44:47,ETH does the impossible and erases a months of losses against BTC,"The last time I did an update eth was 10% away from hitting an 8 year low against BTC. Since then especially in the last 2 days. Perhaps due to hype from an upgrade, perhaps due to simultaneously pumping with BTC. ETH has erased a month of losses against BTC.   But before you get too hyped scroll over to pic 2 to see the 8ish year performance. I know this isn't super big or eventful but since I seem to only share updates on eth/btc when eth is bleeding out I figured I'd give a slightly positive update for once. ",GabeSter,955,172,https://www.reddit.com/gallery/1ki0qv9,https://www.reddit.com/r/CryptoCurrency/comments/1ki0qv9/eth_does_the_impossible_and_erases_a_months_of/,"ETH does the impossible and erases a months of losses against BTC The last time I did an update eth was 10% away from hitting an 8 year low against BTC. Since then especially in the last 2 days. Perhaps due to hype from an upgrade, perhaps due to simultaneously pumping with BTC. ETH has erased a month of losses against BTC.   But before you get too hyped scroll over to pic 2 to see the 8ish year performance. I know this isn't super big or eventful but since I seem to only share updates on eth/btc when eth is bleeding out I figured I'd give a slightly positive update for once. ",impossible erases month loss last 10 away hitting low especially last day perhaps due hype upgrade perhaps due simultaneously pumping erased loss hyped scroll pic 8ish performance super big eventful seem share update bleeding figured give slightly positive,0.5729,4.02645660042603
CryptoCurrency,1ldqt5i,2025-06-17 15:54:48,Over $91B in staked ETH makes Ethereum nearly impossible to attack,,goldyluckinblokchain,344,82,https://cryptoslate.com/insights/over-91b-in-staked-eth-makes-ethereum-nearly-impossible-to-attack/,https://www.reddit.com/r/CryptoCurrency/comments/1ldqt5i/over_91b_in_staked_eth_makes_ethereum_nearly/,Over $91B in staked ETH makes Ethereum nearly impossible to attack ,91b staked make nearly impossible attack,-0.4767,-2.8872689391060855
CryptoMarkets,1kfo5ao,2025-05-05 21:54:46,Should I trade XRP for Ethereum?,I hold an ok/modest amount of xrp and I’ve been having thoughts about swapping a significant amount of it to ethereum. Im completely 50/50 on this I dont know what to do… I am new to crypto but even I feel like ethereum is a huge opportunity. Any opinions? Would appreciate any advice/input I am 19 and I started buying into xrp at the start of the year but I would like to diversify a little. ,Fasstttt,39,196,https://www.reddit.com/r/CryptoMarkets/comments/1kfo5ao/should_i_trade_xrp_for_ethereum/,https://www.reddit.com/r/CryptoMarkets/comments/1kfo5ao/should_i_trade_xrp_for_ethereum/,Should I trade XRP for Ethereum? I hold an ok/modest amount of xrp and I’ve been having thoughts about swapping a significant amount of it to ethereum. Im completely 50/50 on this I dont know what to do… I am new to crypto but even I feel like ethereum is a huge opportunity. Any opinions? Would appreciate any advice/input I am 19 and I started buying into xrp at the start of the year but I would like to diversify a little. ,trade xrp hold ok modest amount xrp thought swapping significant amount im completely 50 50 dont feel huge opportunity opinion appreciate advice input 19 started buying xrp start diversify little,0.3412,1.8642594118747384
CryptoMarkets,1l102ms,2025-06-01 21:12:51,BlackRock Betting on Ethereum Over Bitcoin,"BlackRock recently shifted its crypto strategy by selling 4,100 BTC to acquire 27,700 ETH?  Say what you will about institutions, but BlackRock tends to move early and profit big.  Are they just reallocating, or is this a sign that ETH is about to enter a new price cycle?",BrenOnBlockchain,101,54,https://www.reddit.com/r/CryptoMarkets/comments/1l102ms/blackrock_betting_on_ethereum_over_bitcoin/,https://www.reddit.com/r/CryptoMarkets/comments/1l102ms/blackrock_betting_on_ethereum_over_bitcoin/,"BlackRock Betting on Ethereum Over Bitcoin BlackRock recently shifted its crypto strategy by selling 4,100 BTC to acquire 27,700 ETH?  Say what you will about institutions, but BlackRock tends to move early and profit big.  Are they just reallocating, or is this a sign that ETH is about to enter a new price cycle?",blackrock betting blackrock recently shifted strategy selling 100 acquire 27 700 institution blackrock tends move early profit big reallocating sign enter cycle,0.4404,2.2239565855926964
CryptoMarkets,1la3q8l,2025-06-13 01:30:01,Ethereum,"I was fully ready to sell all my Ethereum on June 11th after watching it climb a solid amount—finally felt like the right moment to lock in some real profit. But then, like a fool, I let Reddit influence me. Some random user claimed June 12th was going to bring a “major announcement” that would change the future of Ethereum forever. Said it was going to pump hard and that we were on the edge of something huge. Against my better judgment, I held.  Well, June 12th came and went, and that so-called “big announcement” was a whole lot of nothing. Instead of mooning, Ethereum just kind of hovered—or worse, dipped. To add insult to injury, there were other factors dragging the market down, like the Iran strikes and Gaming Link dumping shares, which just compounded the disappointment. It’s honestly wild how fast sentiment can flip and how easily people get caught up in hype.  I’ve learned my lesson the hard way: never again am I making moves based on Reddit speculation. It’s not even about blaming others—it’s on me for listening.",Excellent_Bar_132,21,69,https://www.reddit.com/r/CryptoMarkets/comments/1la3q8l/ethereum/,https://www.reddit.com/r/CryptoMarkets/comments/1la3q8l/ethereum/,"Ethereum I was fully ready to sell all my Ethereum on June 11th after watching it climb a solid amount—finally felt like the right moment to lock in some real profit. But then, like a fool, I let Reddit influence me. Some random user claimed June 12th was going to bring a “major announcement” that would change the future of Ethereum forever. Said it was going to pump hard and that we were on the edge of something huge. Against my better judgment, I held.  Well, June 12th came and went, and that so-called “big announcement” was a whole lot of nothing. Instead of mooning, Ethereum just kind of hovered—or worse, dipped. To add insult to injury, there were other factors dragging the market down, like the Iran strikes and Gaming Link dumping shares, which just compounded the disappointment. It’s honestly wild how fast sentiment can flip and how easily people get caught up in hype.  I’ve learned my lesson the hard way: never again am I making moves based on Reddit speculation. It’s not even about blaming others—it’s on me for listening.",fully ready sell june 11th watching climb solid amount finally felt moment lock real profit fool let reddit influence random user claimed june 12th bring major announcement change future forever pump hard edge huge better judgment held well june 12th came went called big announcement whole nothing instead mooning kind hovered worse dipped add insult injury factor dragging iran strike gaming link dumping share compounded disappointment honestly wild fast sentiment flip easily caught hype learned lesson hard never making move based reddit speculation blaming others listening,-0.6987,-3.151737537203323
CryptoMarkets,1kjpwt9,2025-05-11 01:48:36,"Ethereum feels undervalued—strong fundamentals, low hype. Opportunity?","I have been reviewing on-chain metrics and project updates, and it’s wild to me how quiet the sentiment is around E[TH](https://www.coingecko.com/en/coins/ethereum) right now. Despite low gas fees, Ethereum is still securing billions in TVL, dominates Layer 2 adoption, and remains the go-to settlement layer for real DeFi and institutional applications.  With the Dencun upgrade now live and L2s like Base seeing explosive growth, [ETH](https://www.coingecko.com/en/coins/ethereum) is quietly scaling exactly as planned. Add in the [ETH](https://www.coingecko.com/en/coins/ethereum) ETF buzz, decreasing issuance since the Merge, and growing real-world use cases—this feels more like accumulation season than a top.  Curious what others think. Are we all distracted by memecoins, or is ETH just that underhyped at the moment?",Impossible-Fly8410,18,67,https://www.reddit.com/r/CryptoMarkets/comments/1kjpwt9/ethereum_feels_undervaluedstrong_fundamentals_low/,https://www.reddit.com/r/CryptoMarkets/comments/1kjpwt9/ethereum_feels_undervaluedstrong_fundamentals_low/,"Ethereum feels undervalued—strong fundamentals, low hype. Opportunity? I have been reviewing on-chain metrics and project updates, and it’s wild to me how quiet the sentiment is around E[TH](https://www.coingecko.com/en/coins/ethereum) right now. Despite low gas fees, Ethereum is still securing billions in TVL, dominates Layer 2 adoption, and remains the go-to settlement layer for real DeFi and institutional applications.  With the Dencun upgrade now live and L2s like Base seeing explosive growth, [ETH](https://www.coingecko.com/en/coins/ethereum) is quietly scaling exactly as planned. Add in the [ETH](https://www.coingecko.com/en/coins/ethereum) ETF buzz, decreasing issuance since the Merge, and growing real-world use cases—this feels more like accumulation season than a top.  Curious what others think. Are we all distracted by memecoins, or is ETH just that underhyped at the moment?",feel undervalued strong fundamental low hype opportunity reviewing metric update wild quiet sentiment around th despite low gas fee securing billion tvl dominates layer adoption remains go settlement layer real defi institutional application dencun upgrade live l2s base seeing explosive growth quietly scaling exactly planned add etf buzz decreasing issuance merge growing real world case feel accumulation season top curious others distracted memecoins underhyped moment,0.9065,4.037865824053804
CryptoMarkets,1kmr5ds,2025-05-14 21:30:55,Ethereum everybody buy!!!,Yall really need to buy eth. Its gonna keep going up and everyone gonna be rich and shiieeet. I recommend it a lot because it is going to reach its maximum potential,KoolKidzKlvb,0,57,https://www.reddit.com/r/CryptoMarkets/comments/1kmr5ds/ethereum_everybody_buy/,https://www.reddit.com/r/CryptoMarkets/comments/1kmr5ds/ethereum_everybody_buy/,Ethereum everybody buy!!! Yall really need to buy eth. Its gonna keep going up and everyone gonna be rich and shiieeet. I recommend it a lot because it is going to reach its maximum potential,everybody buy yall need buy gon na keep gon na rich shiieeet recommend reach maximum potential,0.7351,2.9848316570526725
CryptoMarkets,1l3c0fw,2025-06-04 17:45:01,Whales and Institutions Are Quietly Loading Up on Ethereum — Should We Care?,"Ethereum is experiencing significant institutional interest and notable whale movements, indicating strong market momentum, Ethereum is experiencing significant institutional interest and notable whale movements, indicating strong market momentum.  Galaxy Digital anticipates that ETH ETFs could attract between **$3 billion and $7.5 billion** in inflows within the first five months of trading, based on Bitcoin ETF performance. **Blackrock's** rising interest and divergence from bitcoin to Ethereum, is it a call to action to us?  Recent on-chain data reveals significant Ethereum whale activity. Ethereum's daily transactions have seen a notable uptick, reaching **1.43 million** on June 3, 2025, indicating heightened network activity.  Institutional Inflows & Whale Activity Surge – Is This the Calm Before the $7K Storm?  # What’s your ETH strategy right now?  Are you:  * Buying more ETH now? * Waiting for a dip? * Rotating into alts or staying in BTC?  Do you trust the **whales or institution**, or think this is just a noise? Love to know about your **game plan?**  ",aliiqbal31,27,42,https://www.reddit.com/r/CryptoMarkets/comments/1l3c0fw/whales_and_institutions_are_quietly_loading_up_on/,https://www.reddit.com/r/CryptoMarkets/comments/1l3c0fw/whales_and_institutions_are_quietly_loading_up_on/,"Whales and Institutions Are Quietly Loading Up on Ethereum — Should We Care? Ethereum is experiencing significant institutional interest and notable whale movements, indicating strong market momentum, Ethereum is experiencing significant institutional interest and notable whale movements, indicating strong market momentum.  Galaxy Digital anticipates that ETH ETFs could attract between **$3 billion and $7.5 billion** in inflows within the first five months of trading, based on Bitcoin ETF performance. **Blackrock's** rising interest and divergence from bitcoin to Ethereum, is it a call to action to us?  Recent on-chain data reveals significant Ethereum whale activity. Ethereum's daily transactions have seen a notable uptick, reaching **1.43 million** on June 3, 2025, indicating heightened network activity.  Institutional Inflows & Whale Activity Surge – Is This the Calm Before the $7K Storm?  # What’s your ETH strategy right now?  Are you:  * Buying more ETH now? * Waiting for a dip? * Rotating into alts or staying in BTC?  Do you trust the **whales or institution**, or think this is just a noise? Love to know about your **game plan?**  ",whale institution quietly loading care experiencing significant institutional interest notable whale movement indicating strong momentum experiencing significant institutional interest notable whale movement indicating strong momentum galaxy digital anticipates etf attract billion billion inflow within first five month trading based etf performance blackrock rising interest divergence call action recent data reveals significant whale activity daily transaction seen notable uptick reaching 43 million june 2025 indicating heightened activity institutional inflow whale activity surge calm 7k storm strategy buying waiting dip rotating alt staying trust whale institution noise love game plan,0.9875,4.195389051523742
CryptoMarkets,1kzqedq,2025-05-31 06:27:51,"🚨 Arthur Hayes believes the price of Ethereum could double this year and reach $4,000 or $5,000. ""I think it's the most hated Layer 1, and generally you want to be in the most hated asset at a turning point in the cycle, so I think ETH could outperform.""",,sylsau,32,36,https://i.redd.it/sfimk8qx924f1.png,https://www.reddit.com/r/CryptoMarkets/comments/1kzqedq/arthur_hayes_believes_the_price_of_ethereum_could/,"🚨 Arthur Hayes believes the price of Ethereum could double this year and reach $4,000 or $5,000. ""I think it's the most hated Layer 1, and generally you want to be in the most hated asset at a turning point in the cycle, so I think ETH could outperform."" ",arthur hayes belief double reach 000 000 hated layer generally want hated asset turning point cycle outperform,-0.7579,-3.209029319834263
CryptoMarkets,1l005on,2025-05-31 15:44:50,"While Bitcoin Takes a Breather, Ethereum Steals the Spotlight","Bitcoin ETF inflows taking a coffee break while ETH ETF inflows are heating up,  looks like the smart money just remembered there’s a second coin in the room. Alt season might not be here yet, but it’s definitely knocking… with receipts",amir95fahim,17,28,https://www.reddit.com/r/CryptoMarkets/comments/1l005on/while_bitcoin_takes_a_breather_ethereum_steals/,https://www.reddit.com/r/CryptoMarkets/comments/1l005on/while_bitcoin_takes_a_breather_ethereum_steals/,"While Bitcoin Takes a Breather, Ethereum Steals the Spotlight Bitcoin ETF inflows taking a coffee break while ETH ETF inflows are heating up,  looks like the smart money just remembered there’s a second coin in the room. Alt season might not be here yet, but it’s definitely knocking… with receipts",take breather steal spotlight etf inflow taking coffee break etf inflow heating look money remembered second coin room alt season might yet definitely knocking receipt,-0.128,-0.4900660987506042
CryptoMarkets,1kjwets,2025-05-11 08:41:20,"I have a modest € jn bitcoin and only 100 in Ethereum, what should I do?","Hi guys,   So Im getting a bit excited because my bitcoin is going well and so is Ethereum arm. If you were me, would you buy more of any of these or put one in the lthey? Im talking about spending 300 euros extra because Im all about saving money (which I have) and only ""gamble"" with money i can miss, so 300 is safe for me  What would you do if you were me? You can tell I dont know much, Im sorry , I also apologize for my English, Im Dutch  Thanks a lot!.  I realise ts still a gamble though Just going to type more bc i need more characters apperantly",Academic-Reading-681,2,28,https://www.reddit.com/r/CryptoMarkets/comments/1kjwets/i_have_a_modest_jn_bitcoin_and_only_100_in/,https://www.reddit.com/r/CryptoMarkets/comments/1kjwets/i_have_a_modest_jn_bitcoin_and_only_100_in/,"I have a modest € jn bitcoin and only 100 in Ethereum, what should I do? Hi guys,   So Im getting a bit excited because my bitcoin is going well and so is Ethereum arm. If you were me, would you buy more of any of these or put one in the lthey? Im talking about spending 300 euros extra because Im all about saving money (which I have) and only ""gamble"" with money i can miss, so 300 is safe for me  What would you do if you were me? You can tell I dont know much, Im sorry , I also apologize for my English, Im Dutch  Thanks a lot!.  I realise ts still a gamble though Just going to type more bc i need more characters apperantly",modest jn 100 hi guy im getting excited well arm buy put lthey im talking spending 300 euro extra im saving money gamble money miss 300 safe tell dont im sorry apologize english im dutch thanks realise gamble though type bc need character apperantly,0.8237,2.8285752603344148
CryptoMarkets,1ldcera,2025-06-17 02:58:13,Ethereum controls every ALT,Well I guess bitcoin does because eth follows it… but nothing can happen in the markets unless Ethereum pumps :( as soon as it drops every single coin drops within minutes afterwards!!! All this tension in the world is making it so hard for btc and eth to have a good pump. Alt szn wants to fly but the news keeps killing it. ,No-Arm-4557,15,16,https://www.reddit.com/r/CryptoMarkets/comments/1ldcera/ethereum_controls_every_alt/,https://www.reddit.com/r/CryptoMarkets/comments/1ldcera/ethereum_controls_every_alt/,Ethereum controls every ALT Well I guess bitcoin does because eth follows it… but nothing can happen in the markets unless Ethereum pumps :( as soon as it drops every single coin drops within minutes afterwards!!! All this tension in the world is making it so hard for btc and eth to have a good pump. Alt szn wants to fly but the news keeps killing it. ,control alt well guess follows nothing happen market unless pump soon drop single coin drop within minute afterwards tension world making hard good pump alt szn want fly keep killing,-0.7184,-2.4897846725713237
CryptoMarkets,1l3tzk1,2025-06-05 08:27:51,Ethereum getting consistent money flows into ETH Spot ETFs,"What could be the reason of latest bullishness by ETH investors to keep pouring funds into ETHA Ethereum Spot ETF by Blackrock?  This week in just 3 days almost $250M went in all ETH Spot ETFs combined.  Also July monthly options have largest options by amount, calls at strike price $3.2k and $3.5k.  I been following money flows for weeks and few days ago already could notice rotation of money from BTC Spot ETFs into ETH Spot ETFs.  A lot will also depend on actions by Trump regarding crypto markets and in general but it does look like certain big players are positioning for Ethereum to move higher.     What do you all think - are we gonna get a summer bull run in alts?  Or we have to wait until September or even Q4 for utility projects to start running?  I do see that options traders are usually right so seeing they positioning for ETH to get above $3k in July 2025, is looking positive for alts.",gamefidelio,23,16,https://www.reddit.com/r/CryptoMarkets/comments/1l3tzk1/ethereum_getting_consistent_money_flows_into_eth/,https://www.reddit.com/r/CryptoMarkets/comments/1l3tzk1/ethereum_getting_consistent_money_flows_into_eth/,"Ethereum getting consistent money flows into ETH Spot ETFs What could be the reason of latest bullishness by ETH investors to keep pouring funds into ETHA Ethereum Spot ETF by Blackrock?  This week in just 3 days almost $250M went in all ETH Spot ETFs combined.  Also July monthly options have largest options by amount, calls at strike price $3.2k and $3.5k.  I been following money flows for weeks and few days ago already could notice rotation of money from BTC Spot ETFs into ETH Spot ETFs.  A lot will also depend on actions by Trump regarding crypto markets and in general but it does look like certain big players are positioning for Ethereum to move higher.     What do you all think - are we gonna get a summer bull run in alts?  Or we have to wait until September or even Q4 for utility projects to start running?  I do see that options traders are usually right so seeing they positioning for ETH to get above $3k in July 2025, is looking positive for alts.",getting consistent money flow spot etf reason latest bullishness investor keep pouring fund etha spot etf blackrock day almost 250m went spot etf combined july monthly option largest option amount call strike 2k 5k following money flow week day ago already notice rotation money spot etf spot etf depend action trump regarding market general look certain big player positioning move higher gon na summer bull run alt wait september q4 utility project start running option trader usually seeing positioning 3k july 2025 looking positive alt,0.6369,2.349447324325166
CryptoMarkets,1l1fhfb,2025-06-02 11:22:36,We will have only two coins: Ethereum and   not Bitcoin,"By Checking the latest move , and what is happening in the market ,   we have only two use case   1. ( Crypto as money protocol) **Not yet discovered** 2. ( crypto as application)  **Exploration phase**      Crypto as money we still don't have it, Its failing since the scalability issues in 2014 and invention of the current failing project LN , bitcoin now is converting to EVM and scripts hosting ( applications).     Crypto as Application , we are still in exploration phase , it may takes years before we have something valuable to be used in real world what we have are just trash coins, L1, L2 (strong technology but no usability outside the scamming... And you don't need other L1 if Ethereum is scaling.     I guess AI will invent for us some new use cases   ",Aldhyabi,0,9,https://www.reddit.com/r/CryptoMarkets/comments/1l1fhfb/we_will_have_only_two_coins_ethereum_and_not/,https://www.reddit.com/r/CryptoMarkets/comments/1l1fhfb/we_will_have_only_two_coins_ethereum_and_not/,"We will have only two coins: Ethereum and   not Bitcoin By Checking the latest move , and what is happening in the market ,   we have only two use case   1. ( Crypto as money protocol) **Not yet discovered** 2. ( crypto as application)  **Exploration phase**      Crypto as money we still don't have it, Its failing since the scalability issues in 2014 and invention of the current failing project LN , bitcoin now is converting to EVM and scripts hosting ( applications).     Crypto as Application , we are still in exploration phase , it may takes years before we have something valuable to be used in real world what we have are just trash coins, L1, L2 (strong technology but no usability outside the scamming... And you don't need other L1 if Ethereum is scaling.     I guess AI will invent for us some new use cases   ",two coin checking latest move happening two case money protocol yet discovered application exploration phase money failing scalability issue 2014 invention current failing ln converting evm script hosting application application exploration phase take year valuable used real world trash coin l1 l2 strong technology usability outside scamming need l1 scaling guess ai invent case,0.3818,0.8791269885051267
CryptoMarkets,1knd9xx,2025-05-15 16:57:29,Ethereum,I posted a lil bit ago for yall to buy and now it’s going up again. Yall called me crazy and fomo and shieeet. GO BUY black rock just bought a butt load today and it’s now in the green. The rebound is here!!! The genius act will also boost it a bunch. ,KoolKidzKlvb,2,10,https://www.reddit.com/r/CryptoMarkets/comments/1knd9xx/ethereum/,https://www.reddit.com/r/CryptoMarkets/comments/1knd9xx/ethereum/,Ethereum I posted a lil bit ago for yall to buy and now it’s going up again. Yall called me crazy and fomo and shieeet. GO BUY black rock just bought a butt load today and it’s now in the green. The rebound is here!!! The genius act will also boost it a bunch. ,posted lil ago yall buy yall called crazy fomo shieeet go buy black rock bought butt load green rebound genius act boost bunch,0.0772,0.19801409039603066
CryptoMarkets,1kxfklk,2025-05-28 12:16:44,Ethereum ETFs See $38.8 Million Inflows Amid Market Optimism,"Ethereum ETFs experienced net inflows totaling $38.8 million on May 27, 2025, indicating renewed investor confidence. Could this signal a bullish trend for ETH?  ",TheElitesCM,10,6,https://www.reddit.com/r/CryptoMarkets/comments/1kxfklk/ethereum_etfs_see_388_million_inflows_amid_market/,https://www.reddit.com/r/CryptoMarkets/comments/1kxfklk/ethereum_etfs_see_388_million_inflows_amid_market/,"Ethereum ETFs See $38.8 Million Inflows Amid Market Optimism Ethereum ETFs experienced net inflows totaling $38.8 million on May 27, 2025, indicating renewed investor confidence. Could this signal a bullish trend for ETH?  ",etf 38 million inflow amid optimism etf experienced net inflow totaling 38 million 27 2025 indicating renewed investor confidence signal bullish trend,0.7783,2.205089945678953
CryptoMarkets,1l8wsx8,2025-06-11 16:14:44,ETH ETF Hits New Record: Ethereum Price Setup Primed For $10K?,,TeaPurpp,9,2,https://dailycoin.com/eth-etf-hits-new-record-ethereum-price-setup-primed-for-10k/,https://www.reddit.com/r/CryptoMarkets/comments/1l8wsx8/eth_etf_hits_new_record_ethereum_price_setup/,ETH ETF Hits New Record: Ethereum Price Setup Primed For $10K? ,etf hit record setup primed 10k,0.0,0.0
CryptoMarkets,1l2zz71,2025-06-04 08:05:44,Why Ethereum Is Attracting More Institutional Capital Than Ever Before,"Ethereum is quietly taking center stage in the eyes of **institutional investors**. While Bitcoin grabs headlines with price records and **large ETF flows**, Ethereum is steadily building long-term momentum where it counts—in the portfolios of major funds and corporations. The latest data reveals a **clear shift** and divergence from Bitcoin to Ethereum.",aliiqbal31,21,1,https://www.coinbasecamp.com/why-ethereum-is-attracting-institutional-capital/,https://www.reddit.com/r/CryptoMarkets/comments/1l2zz71/why_ethereum_is_attracting_more_institutional/,"Why Ethereum Is Attracting More Institutional Capital Than Ever Before Ethereum is quietly taking center stage in the eyes of **institutional investors**. While Bitcoin grabs headlines with price records and **large ETF flows**, Ethereum is steadily building long-term momentum where it counts—in the portfolios of major funds and corporations. The latest data reveals a **clear shift** and divergence from Bitcoin to Ethereum.",attracting institutional capital ever quietly taking center stage eye institutional investor grab headline record large etf flow steadily building long term momentum count portfolio major fund corporation latest data reveals clear shift divergence,0.6908,2.1659994043638564
CryptoMarkets,1la8vqt,2025-06-13 06:21:05,"Crypto Market Update: Bitcoin Slumps, Ethereum’s $1B Play, and the SEC’s New Stance",,aliiqbal31,4,0,https://www.coinbasecamp.com/crypto-market-update-bitcoin-slumps-ethereums-1b-play-and-the-secs-new-stance/,https://www.reddit.com/r/CryptoMarkets/comments/1la8vqt/crypto_market_update_bitcoin_slumps_ethereums_1b/,"Crypto Market Update: Bitcoin Slumps, Ethereum’s $1B Play, and the SEC’s New Stance ",slump 1b play sec stance,0.34,0.5472088902275941
CryptoMarkets,1lbb6p5,2025-06-14 15:20:49,Dapper to Ethereum to USD in New York State,,ScoopJoy,1,0,/r/ethereum/comments/1lbb5zo/dapper_to_ethereum_to_usd_in_new_york_state/,https://www.reddit.com/r/CryptoMarkets/comments/1lbb6p5/dapper_to_ethereum_to_usd_in_new_york_state/,Dapper to Ethereum to USD in New York State ,dapper usd york state,0.0,0.0
CryptoMarkets,1l3y1be,2025-06-05 12:33:57,"You can only keep ONE community: Ethereum, Bitcoin, or Solana. The rest are gone forever.",No tech talk. No whitepapers. Just vibes. Who are you keeping and why?  (This one’s gonna hurt some feelings… 👀) ,TheElitesCM,1,0,https://www.reddit.com/r/CryptoMarkets/comments/1l3y1be/you_can_only_keep_one_community_ethereum_bitcoin/,https://www.reddit.com/r/CryptoMarkets/comments/1l3y1be/you_can_only_keep_one_community_ethereum_bitcoin/,"You can only keep ONE community: Ethereum, Bitcoin, or Solana. The rest are gone forever. No tech talk. No whitepapers. Just vibes. Who are you keeping and why?  (This one’s gonna hurt some feelings… 👀) ",keep community solana rest gone forever tech talk whitepapers vibe keeping gon na hurt feeling,-0.4404,-0.3052620183185999
CryptoMarkets,1kjpazj,2025-05-11 01:14:52,"Just getting started – Bitcoin, Ethereum, or altcoins?","Hey everyone, I’m new to crypto and just starting to explore the space.   I’m planning to invest a small amount to learn by doing and get a feel for how things work.  Would it make more sense to start with Bitcoin or Ethereum, or should I look into some of the trending altcoins right now?  Any beginner-friendly advice or tips would be really appreciated 🙏",Low-Transportation84,1,2,https://www.reddit.com/r/CryptoMarkets/comments/1kjpazj/just_getting_started_bitcoin_ethereum_or_altcoins/,https://www.reddit.com/r/CryptoMarkets/comments/1kjpazj/just_getting_started_bitcoin_ethereum_or_altcoins/,"Just getting started – Bitcoin, Ethereum, or altcoins? Hey everyone, I’m new to crypto and just starting to explore the space.   I’m planning to invest a small amount to learn by doing and get a feel for how things work.  Would it make more sense to start with Bitcoin or Ethereum, or should I look into some of the trending altcoins right now?  Any beginner-friendly advice or tips would be really appreciated 🙏",getting started altcoins hey starting explore space planning invest small amount learn feel thing work sense start look trending altcoins beginner friendly advice tip appreciated,0.7579,1.0506724962927652
CryptoMarkets,1krecz1,2025-05-20 19:50:19,"Ethereum’s Jeffrey Wilcke Sends $262M ETH to Kraken, A Sell Move?",Black swan incoming? ,Ikki_The_Phoenix,0,0,https://www.cryptotimes.io/2025/05/21/ethereums-jeffrey-wilcke-sends-262m-eth-to-kraken-a-sell-move/,https://www.reddit.com/r/CryptoMarkets/comments/1krecz1/ethereums_jeffrey_wilcke_sends_262m_eth_to_kraken/,"Ethereum’s Jeffrey Wilcke Sends $262M ETH to Kraken, A Sell Move? Black swan incoming? ",jeffrey wilcke sends 262m kraken sell move black swan incoming,0.0,0.0
CryptoMarkets,1kmd0ty,2025-05-14 11:43:37,"Ethereum Weekly Price Spike Hits 50% as Bitcoin, Solana and Dogecoin Gain - Decrypt",,sylsau,2,0,https://decrypt.co/319538/ethereum-weekly-spike-50-bitcoin-solana-dogecoin,https://www.reddit.com/r/CryptoMarkets/comments/1kmd0ty/ethereum_weekly_price_spike_hits_50_as_bitcoin/,"Ethereum Weekly Price Spike Hits 50% as Bitcoin, Solana and Dogecoin Gain - Decrypt ",weekly spike hit 50 solana dogecoin gain decrypt,0.5267,0.5786390924414934
CryptoMarkets,1kjhbn3,2025-05-10 18:46:45,Is Shardeum quietly cracking the scaling puzzle that Ethereum’s still wrestling with?,"We’ve all seen Ethereum grind to a halt when things get busy, with gas fees shooting through the roof. Pectra’s got some upgrades in the works, but it’s still leaning hard on rollups to handle scaling.  I came across Shardeum, and their “dynamic state sharding” idea kinda blew my mind. Picture a blockchain that automatically splits and reshuffles itself as more users or nodes jump in, sorta like how cloud servers scale on the fly. The pitch? Keep fees dirt-cheap and performance smooth, no matter how crazy the network gets.         What’s caught my attention is that their token, $SHM, just popped up on several big exchanges, like Bitget and other top-tier CEXs. Social media’s been buzzing about it, but I’m way more interested in the tech than the price pumps.         Did anyone here messed around with Shardeum’s testnet or took a closer look at how this sharding stuff works? I’m wondering if this is a legit game-changer or just another cool idea that sounds better in theory than in practice.    ",Bitter-Entrance1126,0,0,https://www.reddit.com/r/CryptoMarkets/comments/1kjhbn3/is_shardeum_quietly_cracking_the_scaling_puzzle/,https://www.reddit.com/r/CryptoMarkets/comments/1kjhbn3/is_shardeum_quietly_cracking_the_scaling_puzzle/,"Is Shardeum quietly cracking the scaling puzzle that Ethereum’s still wrestling with? We’ve all seen Ethereum grind to a halt when things get busy, with gas fees shooting through the roof. Pectra’s got some upgrades in the works, but it’s still leaning hard on rollups to handle scaling.  I came across Shardeum, and their “dynamic state sharding” idea kinda blew my mind. Picture a blockchain that automatically splits and reshuffles itself as more users or nodes jump in, sorta like how cloud servers scale on the fly. The pitch? Keep fees dirt-cheap and performance smooth, no matter how crazy the network gets.         What’s caught my attention is that their token, $SHM, just popped up on several big exchanges, like Bitget and other top-tier CEXs. Social media’s been buzzing about it, but I’m way more interested in the tech than the price pumps.         Did anyone here messed around with Shardeum’s testnet or took a closer look at how this sharding stuff works? I’m wondering if this is a legit game-changer or just another cool idea that sounds better in theory than in practice.    ",shardeum quietly cracking scaling puzzle wrestling seen grind halt thing busy gas fee shooting roof pectra upgrade work leaning hard rollups handle scaling came across shardeum dynamic state sharding idea kinda blew mind picture automatically split reshuffle user node jump sorta cloud server scale fly pitch keep fee dirt cheap performance smooth matter crazy get caught attention shm popped several big exchange bitget top tier cexs social medium buzzing interested tech pump anyone messed around shardeum testnet took closer look sharding stuff work wondering legit game changer another cool idea sound better theory practice,0.5859,0.0
CryptoMarkets,1kp5p5y,2025-05-17 22:59:47,What coin BESIDES BTC would you hold for 20 years.,Saw the earlier post and basically every answer was BTC. I'm curious if there is anything else. What would your top 5 incredibly long term holds be? ,bigredcock,143,580,https://www.reddit.com/r/CryptoMarkets/comments/1kp5p5y/what_coin_besides_btc_would_you_hold_for_20_years/,https://www.reddit.com/r/CryptoMarkets/comments/1kp5p5y/what_coin_besides_btc_would_you_hold_for_20_years/,What coin BESIDES BTC would you hold for 20 years. Saw the earlier post and basically every answer was BTC. I'm curious if there is anything else. What would your top 5 incredibly long term holds be? ,coin besides hold 20 year saw earlier post basically answer curious anything else top incredibly long term hold,0.4767,3.1389700567502707
CryptoMarkets,1ki0p0n,2025-05-08 20:42:34,Last chance to buy Eth,"This is it. If you have some you're in the game. If you don't have any you're about to miss your chance. In a few months when you say ""I wish I bought some cheap,"" this is the time you'll think back to. ",Reg_doge_dwight,130,222,https://www.reddit.com/r/CryptoMarkets/comments/1ki0p0n/last_chance_to_buy_eth/,https://www.reddit.com/r/CryptoMarkets/comments/1ki0p0n/last_chance_to_buy_eth/,"Last chance to buy Eth This is it. If you have some you're in the game. If you don't have any you're about to miss your chance. In a few months when you say ""I wish I bought some cheap,"" this is the time you'll think back to. ",last chance buy game miss chance month wish bought cheap back,0.6249,3.665955888777617
CryptoMarkets,1lfvgyo,2025-06-20 04:53:09,The stablecoin bill just set up the most insane ETH supply shock while everyone's distracted by war news…,"Tuesday's stablecoin bill passing was actually HUGE but everyone's sleeping on what this really means ;; Like yeah cool, more regulatory clarity whatever... but here's the real play:: USDT and USDC run on ERC-20 smart contracts right?? Every single transaction burns ETH through EIP 1559.......  Mass stablecoin adoption = mass ETH burning = supply shock incoming This isn't gonna happen overnight but we're talking about a fundamental shift that's gonna play out over months. ETH becoming even more deflationary while demand skyrockets?? That's some beautiful math right there ;;  But  it gets better... FOMC didn't cut rates this week because the economy is ""too strong"" (lol) but everyone's still expecting two cuts before year end. July or August could literally be money printer go brrr season.......  Meanwhile Iran/Israel situation has the market in this weird consolidation phase where altcoins are still somehow outperforming?? Like we should be bleeding but alts are showing strength which is actually bullish as hell ;; Trump saying he'll decide on Iran strikes within two weeks gives us this perfect cooling-off period...  Market gets time to chill before any major escalation but crypto keeps proving it's resilient even during peak uncertainty.......  Here's what I'm seeing: We're setting up for multiple catalysts hitting at once  ETH supply shock from stablecoin adoption  Rate cuts turning money printer back on  Crypto showing strength during geopolitical chaos  Perfect risk-on setup brewing  Obviously still gotta manage risk and take profits but also make sure you’re not sleeping on the backend stuff like taxes i've used awaken.tax lately and it’s actually been clutch for tracking all the DeFi/stablecoin madness. Makes stuff way less painful during tax season, especially with all this ETH burning and smart contract volume ramping up....",Rich_Flamingo_7701,162,107,https://www.reddit.com/r/CryptoMarkets/comments/1lfvgyo/the_stablecoin_bill_just_set_up_the_most_insane/,https://www.reddit.com/r/CryptoMarkets/comments/1lfvgyo/the_stablecoin_bill_just_set_up_the_most_insane/,"The stablecoin bill just set up the most insane ETH supply shock while everyone's distracted by war news… Tuesday's stablecoin bill passing was actually HUGE but everyone's sleeping on what this really means ;; Like yeah cool, more regulatory clarity whatever... but here's the real play:: USDT and USDC run on ERC-20 smart contracts right?? Every single transaction burns ETH through EIP 1559.......  Mass stablecoin adoption = mass ETH burning = supply shock incoming This isn't gonna happen overnight but we're talking about a fundamental shift that's gonna play out over months. ETH becoming even more deflationary while demand skyrockets?? That's some beautiful math right there ;;  But  it gets better... FOMC didn't cut rates this week because the economy is ""too strong"" (lol) but everyone's still expecting two cuts before year end. July or August could literally be money printer go brrr season.......  Meanwhile Iran/Israel situation has the market in this weird consolidation phase where altcoins are still somehow outperforming?? Like we should be bleeding but alts are showing strength which is actually bullish as hell ;; Trump saying he'll decide on Iran strikes within two weeks gives us this perfect cooling-off period...  Market gets time to chill before any major escalation but crypto keeps proving it's resilient even during peak uncertainty.......  Here's what I'm seeing: We're setting up for multiple catalysts hitting at once  ETH supply shock from stablecoin adoption  Rate cuts turning money printer back on  Crypto showing strength during geopolitical chaos  Perfect risk-on setup brewing  Obviously still gotta manage risk and take profits but also make sure you’re not sleeping on the backend stuff like taxes i've used awaken.tax lately and it’s actually been clutch for tracking all the DeFi/stablecoin madness. Makes stuff way less painful during tax season, especially with all this ETH burning and smart contract volume ramping up....",stablecoin bill set insane supply shock distracted war tuesday stablecoin bill passing actually huge sleeping mean yeah cool regulatory clarity whatever real play usdt usdc run erc 20 contract single transaction burn eip 1559 mass stablecoin adoption mass burning supply shock incoming gon na happen overnight talking fundamental shift gon na play month becoming deflationary demand skyrocket beautiful math get better fomc cut rate economy strong lol expecting two cut end july august literally money printer go brrr season meanwhile iran israel situation weird consolidation phase altcoins somehow outperforming bleeding alt showing strength actually bullish hell trump saying decide iran strike within two week give perfect cooling period get chill major escalation keep proving resilient peak uncertainty seeing setting multiple catalyst hitting supply shock stablecoin adoption rate cut turning money printer back showing strength geopolitical chaos perfect risk setup brewing obviously ta manage risk take profit sure sleeping backend stuff tax used awaken tax lately actually clutch tracking defi stablecoin madness make stuff less painful tax season especially burning volume ramping,0.2484,1.3906480146151965
CryptoMarkets,1laxp6o,2025-06-14 02:21:12,"Why does every single Alt coin have to follow Bitcoin ?? I get it that 64 percent of the crypto Market is bitcoin …heck , ETH is 10 percent , so basically 75 percent of the crypto market is both those coins ……","But why can’t each coin be its own individual up and down like stocks are ???? Stocks are company owned , and so are alt coins …and if the company does well , good quarterly earnings etc its stock will move up and vice versa ….why can’t alt coins do the same ?? We have to rely basically on bitcoin mostly and ETH to pump for other coins to do the same …..will this eventually change years down the road? Will there be a point where bitcoin is just so high, say 500,000 or even a million a coin where more people will not buy bitcoin and the market will level out ?",ComplexWrangler1346,39,85,https://www.reddit.com/r/CryptoMarkets/comments/1laxp6o/why_does_every_single_alt_coin_have_to_follow/,https://www.reddit.com/r/CryptoMarkets/comments/1laxp6o/why_does_every_single_alt_coin_have_to_follow/,"Why does every single Alt coin have to follow Bitcoin ?? I get it that 64 percent of the crypto Market is bitcoin …heck , ETH is 10 percent , so basically 75 percent of the crypto market is both those coins …… But why can’t each coin be its own individual up and down like stocks are ???? Stocks are company owned , and so are alt coins …and if the company does well , good quarterly earnings etc its stock will move up and vice versa ….why can’t alt coins do the same ?? We have to rely basically on bitcoin mostly and ETH to pump for other coins to do the same …..will this eventually change years down the road? Will there be a point where bitcoin is just so high, say 500,000 or even a million a coin where more people will not buy bitcoin and the market will level out ?",single alt coin follow 64 percent heck 10 percent basically 75 percent coin coin individual stock stock company owned alt coin company well good quarterly earnings etc stock move vice versa alt coin rely basically mostly pump coin eventually change year road point high 500 000 million coin buy level,0.6124,2.95685933272393
CryptoMarkets,1kz5prj,2025-05-30 14:31:39,I am thinking of selling ETH and buying SOL and PEPE,Title says it. ETH might go up 6% but Pepe and Sol are down more than 10%. So i am thinking they might make me more money in the short term.,MammothHedgehog2493,9,98,https://www.reddit.com/r/CryptoMarkets/comments/1kz5prj/i_am_thinking_of_selling_eth_and_buying_sol_and/,https://www.reddit.com/r/CryptoMarkets/comments/1kz5prj/i_am_thinking_of_selling_eth_and_buying_sol_and/,I am thinking of selling ETH and buying SOL and PEPE Title says it. ETH might go up 6% but Pepe and Sol are down more than 10%. So i am thinking they might make me more money in the short term.,thinking selling buying sol pepe title say might go pepe sol 10 thinking might money short term,0.0,0.0
CryptoMarkets,1kjjptf,2025-05-10 20:36:23,Sol vs Eth," If you would invest in one right now , which one would you pick ?   I only hold bitcoin nothing else but on my way to diversify a bit. I don’t want to pick both. Not really new to crypto too.",Deep_Inspection3288,23,71,https://www.reddit.com/r/CryptoMarkets/comments/1kjjptf/sol_vs_eth/,https://www.reddit.com/r/CryptoMarkets/comments/1kjjptf/sol_vs_eth/,"Sol vs Eth  If you would invest in one right now , which one would you pick ?   I only hold bitcoin nothing else but on my way to diversify a bit. I don’t want to pick both. Not really new to crypto too.",sol invest pick hold nothing else diversify want pick,-0.0572,-0.26048175819955094
CryptoMarkets,1l0o6vu,2025-06-01 12:50:12,What's your think about ETH,"I believe we are in a bearish trend. Even if Ethereum finds support and climbs, it will still struggle to break resistance, so I suggest taking a short position.",Amir8009,2,57,https://www.reddit.com/r/CryptoMarkets/comments/1l0o6vu/whats_your_think_about_eth/,https://www.reddit.com/r/CryptoMarkets/comments/1l0o6vu/whats_your_think_about_eth/,"What's your think about ETH I believe we are in a bearish trend. Even if Ethereum finds support and climbs, it will still struggle to break resistance, so I suggest taking a short position.",believe bearish trend find support climb struggle break resistance suggest taking short position,0.1027,0.4204891865402097
CryptoMarkets,1kpxud4,2025-05-18 23:43:54,"Good entry points for BTC, ETH, XRP, LINK, HBAR etc","Like the title says, if you are late to the party and you want to jump into the fray. Everything just went way up about 2 weeks ago, and has varied about 5% up and down since then. What are your thoughts of good entry points to buy in, or please by all means add your own coin and what a good entry point would be on it. I am just curious if we all will be similar or very different. I was thinking when BTC drops under 98k but it doesn’t look like it will go back down that far anytime soon. ",Donut_LordO,20,55,https://www.reddit.com/r/CryptoMarkets/comments/1kpxud4/good_entry_points_for_btc_eth_xrp_link_hbar_etc/,https://www.reddit.com/r/CryptoMarkets/comments/1kpxud4/good_entry_points_for_btc_eth_xrp_link_hbar_etc/,"Good entry points for BTC, ETH, XRP, LINK, HBAR etc Like the title says, if you are late to the party and you want to jump into the fray. Everything just went way up about 2 weeks ago, and has varied about 5% up and down since then. What are your thoughts of good entry points to buy in, or please by all means add your own coin and what a good entry point would be on it. I am just curious if we all will be similar or very different. I was thinking when BTC drops under 98k but it doesn’t look like it will go back down that far anytime soon. ",good entry point xrp link hbar etc title say late party want jump fray everything went week ago varied thought good entry point buy please mean add coin good entry point curious similar different thinking drop 98k look go back far anytime soon,0.9217,3.9916369197419113
CryptoMarkets,1ki5zo5,2025-05-09 00:47:55,eth up 20%,what’s going on?  i’m accustomed to the swings.  i cant find a decent catalyst causing the pump. what do you think is happening? ,BigLou-13,33,51,https://www.reddit.com/r/CryptoMarkets/comments/1ki5zo5/eth_up_20/,https://www.reddit.com/r/CryptoMarkets/comments/1ki5zo5/eth_up_20/,eth up 20% what’s going on?  i’m accustomed to the swings.  i cant find a decent catalyst causing the pump. what do you think is happening? ,20 accustomed swing cant find decent catalyst causing pump happening,0.0,0.0
CryptoMarkets,1l31v1m,2025-06-04 10:13:32,"New to this, What are crypto apps i can use to hold crypto? Specifically ETH and BTC i just want to hold",Looking for a good crypto app to hold crypto so basically to buy and just hold btc and eth only? If anyone has good crypto apps let me know ,flyingmethods,8,33,https://www.reddit.com/r/CryptoMarkets/comments/1l31v1m/new_to_this_what_are_crypto_apps_i_can_use_to/,https://www.reddit.com/r/CryptoMarkets/comments/1l31v1m/new_to_this_what_are_crypto_apps_i_can_use_to/,"New to this, What are crypto apps i can use to hold crypto? Specifically ETH and BTC i just want to hold Looking for a good crypto app to hold crypto so basically to buy and just hold btc and eth only? If anyone has good crypto apps let me know ",apps hold specifically want hold looking good app hold basically buy hold anyone good apps let,0.7269,2.7169120455301803
CryptoMarkets,1kt98pu,2025-05-23 02:58:33,"What do you thinks about this portfolio to start with alts ? ETH,LINK,RNDR,INJ,FET","Hi all,  As the title says, I'm looking for some thoughts on this portfolio. I already own a bit of BTC and I’m looking to invest a bit more in the following coins: ETH, LINK, RNDR, INJ, and FET.  From my research, these seem to be strong projects, each with real world use cases and partnerships with reputable companies.  My idea is to divide my initial investment among these coins, probably something like:  * 20% in ETH * 18% in LINK * 44% split between FET and RNDR * 18% in INJ  I'm not aiming for a 10x return ,I know that’s unlikely to happen. I’m just looking for some profits and a welcome for me to the altcoins world.  I don't have any issues either with holding the coins for some time , I'm not a person that watch's or checks the market every day.   What do you think? Do these seem like solid projects to start with, or too risky?  Any advice is greatly appreciated.  Thanks in advance!",Goquer,3,31,https://www.reddit.com/r/CryptoMarkets/comments/1kt98pu/what_do_you_thinks_about_this_portfolio_to_start/,https://www.reddit.com/r/CryptoMarkets/comments/1kt98pu/what_do_you_thinks_about_this_portfolio_to_start/,"What do you thinks about this portfolio to start with alts ? ETH,LINK,RNDR,INJ,FET Hi all,  As the title says, I'm looking for some thoughts on this portfolio. I already own a bit of BTC and I’m looking to invest a bit more in the following coins: ETH, LINK, RNDR, INJ, and FET.  From my research, these seem to be strong projects, each with real world use cases and partnerships with reputable companies.  My idea is to divide my initial investment among these coins, probably something like:  * 20% in ETH * 18% in LINK * 44% split between FET and RNDR * 18% in INJ  I'm not aiming for a 10x return ,I know that’s unlikely to happen. I’m just looking for some profits and a welcome for me to the altcoins world.  I don't have any issues either with holding the coins for some time , I'm not a person that watch's or checks the market every day.   What do you think? Do these seem like solid projects to start with, or too risky?  Any advice is greatly appreciated.  Thanks in advance!",think portfolio start alt link rndr inj fet hi title say looking thought portfolio already looking invest following coin link rndr inj fet research seem strong project real world case partnership reputable company idea divide initial investment among coin probably 20 18 link 44 split fet rndr 18 inj aiming 10x return unlikely happen looking profit welcome altcoins world issue either holding coin person watch check seem solid project start risky advice greatly appreciated thanks advance,0.941,3.345582525861538
CryptoMarkets,1ki1oru,2025-05-08 21:24:19,swap to eth?,Should I swap my solana and sui to ETH or BTC? kinda new here so played safe and seeing profit but not sure when should I take the profit? is this the bull run or what? please help,Adept-Explanation386,4,18,https://www.reddit.com/r/CryptoMarkets/comments/1ki1oru/swap_to_eth/,https://www.reddit.com/r/CryptoMarkets/comments/1ki1oru/swap_to_eth/,swap to eth? Should I swap my solana and sui to ETH or BTC? kinda new here so played safe and seeing profit but not sure when should I take the profit? is this the bull run or what? please help,swap swap solana sui kinda played safe seeing profit sure take profit bull run please help,0.9416,2.9523813537188874
CryptoMarkets,1lmjege,2025-06-28 10:15:04,ETH soon at 10k?? 🫣,,This-Opportunity-350,0,6,https://blockfeed.news/article/5BbcctLjKymxBFMbx6o9Vt-blackrock-buys-over-200000-ethereum-massive-institutional-accumulation-confirmed,https://www.reddit.com/r/CryptoMarkets/comments/1lmjege/eth_soon_at_10k/,ETH soon at 10k?? 🫣 ,soon 10k,0.0,0.0
CryptoMarkets,1ldr7pw,2025-06-17 16:10:05,"Guys help me understand smth, I currently had $15000 in ETH @$2500, I have $5000 to spend, is it better to keep invest in eth at the current price or invest in Ondo?","I alrdy got ETH with 40% of my portfolio and link ada pepe hbar 15% each, I see Ondo start to cooperate with many real word insttutions with Chainlink so i think it has a bright future, but however Ondo is built on ETH and ETH is the boss of RWA, so guys if there is a rally, they will have the same potential right and ETH is more stable. Please help me understand this!",Opposite-Car2809,1,7,https://www.reddit.com/r/CryptoMarkets/comments/1ldr7pw/guys_help_me_understand_smth_i_currently_had/,https://www.reddit.com/r/CryptoMarkets/comments/1ldr7pw/guys_help_me_understand_smth_i_currently_had/,"Guys help me understand smth, I currently had $15000 in ETH @$2500, I have $5000 to spend, is it better to keep invest in eth at the current price or invest in Ondo? I alrdy got ETH with 40% of my portfolio and link ada pepe hbar 15% each, I see Ondo start to cooperate with many real word insttutions with Chainlink so i think it has a bright future, but however Ondo is built on ETH and ETH is the boss of RWA, so guys if there is a rally, they will have the same potential right and ETH is more stable. Please help me understand this!",guy help understand smth currently 15000 2500 5000 spend better keep invest current invest ondo alrdy 40 portfolio link ada pepe hbar 15 ondo start cooperate real word insttutions chainlink bright future however ondo built bos rwa guy rally potential stable please help understand,0.9287,2.040562464972147
CryptoMarkets,1krhgdg,2025-05-20 21:58:39,"May 20 Market Breakdown: BTC, ETH, SOL, XRP, BNB — What Whales and Funds Are Doing Right Now","Today’s market is full of mixed signals, so I put together a full breakdown of what’s actually moving the crypto space as of May 20, 2025.  Here’s a clean summary of what’s covered:  • Price action and trend analysis for Bitcoin, Ethereum, Solana, XRP, Dogecoin, BNB, and Hedera • Key support/resistance levels for the next 7 days • What Jump Trading, Pantera Capital, and Brevan Howard Digital are doing this week • On-chain whale behavior: accumulation zones, large moves • Top 5 biggest crypto transactions in the last 48 hours • ETF flow, U.S. & China regulatory activity • Country-level adoption signals — Japan, USA, LATAM • Our trading desk’s current positions — short-term, mid-term, long-term  This isn’t investment advice — just daily reporting of what’s happening at scale. If you want the full picture, the video’s live on my profile page (FastInfoCrypto on YouTube). I’m also down to chat in the comments: what’s your macro bias this week?",TrueHunter10,0,1,https://www.reddit.com/r/CryptoMarkets/comments/1krhgdg/may_20_market_breakdown_btc_eth_sol_xrp_bnb_what/,https://www.reddit.com/r/CryptoMarkets/comments/1krhgdg/may_20_market_breakdown_btc_eth_sol_xrp_bnb_what/,"May 20 Market Breakdown: BTC, ETH, SOL, XRP, BNB — What Whales and Funds Are Doing Right Now Today’s market is full of mixed signals, so I put together a full breakdown of what’s actually moving the crypto space as of May 20, 2025.  Here’s a clean summary of what’s covered:  • Price action and trend analysis for Bitcoin, Ethereum, Solana, XRP, Dogecoin, BNB, and Hedera • Key support/resistance levels for the next 7 days • What Jump Trading, Pantera Capital, and Brevan Howard Digital are doing this week • On-chain whale behavior: accumulation zones, large moves • Top 5 biggest crypto transactions in the last 48 hours • ETF flow, U.S. & China regulatory activity • Country-level adoption signals — Japan, USA, LATAM • Our trading desk’s current positions — short-term, mid-term, long-term  This isn’t investment advice — just daily reporting of what’s happening at scale. If you want the full picture, the video’s live on my profile page (FastInfoCrypto on YouTube). I’m also down to chat in the comments: what’s your macro bias this week?",20 breakdown sol xrp bnb whale fund full mixed signal put together full breakdown actually moving space 20 2025 clean summary covered action trend analysis solana xrp dogecoin bnb hedera key support resistance level next day jump trading pantera capital brevan howard digital whale behavior accumulation zone large move top biggest transaction last 48 hour etf flow china regulatory activity country level adoption signal japan usa latam trading desk current position short term mid term long term investment advice daily reporting happening scale want full picture video live profile page fastinfocrypto youtube chat comment macro bias,0.7269,0.5038486855490242
CryptoMarkets,1kftun1,2025-05-06 02:29:04,"ETH is stuck because of L2 leverage, fake volume, and no real demand","ETH price isn’t moving, and a big part of it goes back to how the Ethereum Foundation helped create the L2 ecosystem. A lot of ETH was lent or allocated off-exchange to bootstrap rollups like Matic, Optimism, Arbitrum, StarkNet, etc. The goal was vertical scaling and more transaction throughput without stressing mainnet.  But here’s the issue: most of these L2s didn’t take off. Real usage is weak. Most activity is short-term (airdrops, farming), and their tokens are easy to manipulate, low market cap, thin liquidity. That made it tempting to artificially pump them and inflate transaction volume, which gets mirrored back onto Ethereum mainnet as if it’s legit demand. It’s not.  Meanwhile, ETH is locked in staking or buried in contracts, so there's no real spot pressure. No liquidation risk, no reflexive price movement. Smart money saw the setup and shorted. Retail never came back. NFTs are dead, DeFi’s stale, and ETH just flatlined.  The worst part? While this was happening, the ETH Foundation sold near local tops. Retail took the exit bags.  And while Ethereum focused on fragmented L2s, **Solana quietly scaled vertically, on a single chain, and took the market**. It’s now eating ETH’s lunch in active users, stablecoin velocity, and developer mindshare. Even **Sui**, of all things, is starting to eat into ETH’s dominance. The market’s moving on.  ETH might bounce a bit during altseason, but the structural issues aren’t going away.     Whole L2 non-sense backfired, pretty bad.",nullpointer2x,1,1,https://www.reddit.com/r/CryptoMarkets/comments/1kftun1/eth_is_stuck_because_of_l2_leverage_fake_volume/,https://www.reddit.com/r/CryptoMarkets/comments/1kftun1/eth_is_stuck_because_of_l2_leverage_fake_volume/,"ETH is stuck because of L2 leverage, fake volume, and no real demand ETH price isn’t moving, and a big part of it goes back to how the Ethereum Foundation helped create the L2 ecosystem. A lot of ETH was lent or allocated off-exchange to bootstrap rollups like Matic, Optimism, Arbitrum, StarkNet, etc. The goal was vertical scaling and more transaction throughput without stressing mainnet.  But here’s the issue: most of these L2s didn’t take off. Real usage is weak. Most activity is short-term (airdrops, farming), and their tokens are easy to manipulate, low market cap, thin liquidity. That made it tempting to artificially pump them and inflate transaction volume, which gets mirrored back onto Ethereum mainnet as if it’s legit demand. It’s not.  Meanwhile, ETH is locked in staking or buried in contracts, so there's no real spot pressure. No liquidation risk, no reflexive price movement. Smart money saw the setup and shorted. Retail never came back. NFTs are dead, DeFi’s stale, and ETH just flatlined.  The worst part? While this was happening, the ETH Foundation sold near local tops. Retail took the exit bags.  And while Ethereum focused on fragmented L2s, **Solana quietly scaled vertically, on a single chain, and took the market**. It’s now eating ETH’s lunch in active users, stablecoin velocity, and developer mindshare. Even **Sui**, of all things, is starting to eat into ETH’s dominance. The market’s moving on.  ETH might bounce a bit during altseason, but the structural issues aren’t going away.     Whole L2 non-sense backfired, pretty bad.",stuck l2 leverage fake volume real demand moving big part go back foundation helped create l2 ecosystem lent allocated exchange bootstrap rollups matic optimism arbitrum starknet etc goal vertical scaling transaction throughput without stressing mainnet issue l2s take real usage weak activity short term airdrop farming token easy manipulate low cap thin liquidity tempting artificially pump inflate transaction volume get mirrored back onto mainnet legit demand meanwhile locked staking buried contract real spot pressure liquidation risk reflexive movement money saw setup shorted retail never came back nfts dead defi stale flatlined worst part happening foundation sold near local top retail took exit bag focused fragmented l2s solana quietly scaled vertically single took eating lunch active user stablecoin velocity developer mindshare sui thing starting eat dominance moving might bounce altseason structural issue away whole l2 non sense backfired pretty bad,-0.7643,-0.8396693722290363
